"temperature","precipitation","suitability","occurrence"
-10,0,0.00230518191070619,0
-9.18367346938776,0,0.00539813611428932,0
-8.36734693877551,0,-0.0102592619622462,0
-7.55102040816327,0,-0.00729589548661042,0
-6.73469387755102,0,-0.0183606459915329,0
-5.91836734693878,0,0.00849435195005721,0
-5.10204081632653,0,0.0114766781310132,0
-4.28571428571429,0,0.0021243351566179,0
-3.46938775510204,0,-0.0141220511494608,0
-2.6530612244898,0,0.0165886619358469,0
-1.83673469387755,0,-0.000141985580658409,0
-1.02040816326531,0,0.00349156999958098,0
-0.204081632653061,0,0.00133986634353206,0
0.612244897959183,0,-0.00720099910917243,0
1.42857142857143,0,0.0166813956808681,0
2.24489795918367,0,0.0288687744255523,0
3.06122448979592,0,-0.0019751722010897,0
3.87755102040816,0,0.00372105088092847,0
4.69387755102041,0,-0.0149871763076084,0
5.51020408163265,0,0.00911773066759729,0
6.3265306122449,0,0.00902401540244502,0
7.14285714285714,0,-0.000499783676250368,0
7.95918367346939,0,-0.00221720225692635,0
8.77551020408163,0,0.00924303732860035,0
9.59183673469388,0,0.0159725723846408,0
10.4081632653061,0,-0.00516743260438724,0
11.2244897959184,0,0.0182085955650475,0
12.0408163265306,0,0.0104066675821848,0
12.8571428571429,0,0.0401346588489707,0
13.6734693877551,0,0.0251426122764713,0
14.4897959183673,0,0.0248036076776764,0
15.3061224489796,0,0.0164379313424055,0
16.1224489795918,0,0.0231928101959555,0
16.9387755102041,0,0.0154064144484984,0
17.7551020408163,0,0.000491078771320423,0
18.5714285714286,0,-0.000841418462865583,0
19.3877551020408,0,-0.0105263800851768,0
20.2040816326531,0,0.000137080549973531,0
21.0204081632653,0,0.00598273940484134,0
21.8367346938776,0,-0.0110380647390763,0
22.6530612244898,0,0.00590346065862593,0
23.469387755102,0,-0.0171323502221038,0
24.2857142857143,0,0.00165300969957336,0
25.1020408163265,0,0.0125054871892164,0
25.9183673469388,0,0.00553723693001815,0
26.734693877551,0,-0.00642442625943065,0
27.5510204081633,0,-0.00840744338062951,0
28.3673469387755,0,-0.0049940659916886,0
29.1836734693878,0,0.0085450739409221,0
30,0,-0.00274710273102118,0
-10,30.6122448979592,-0.0117219691668751,0
-9.18367346938776,30.6122448979592,0.0203424863765957,0
-8.36734693877551,30.6122448979592,0.00703281161053582,0
-7.55102040816327,30.6122448979592,-0.00747701962958514,0
-6.73469387755102,30.6122448979592,0.00882066878439066,0
-5.91836734693878,30.6122448979592,0.00728084712053284,0
-5.10204081632653,30.6122448979592,0.0137325285157353,0
-4.28571428571429,30.6122448979592,0.012123001547115,0
-3.46938775510204,30.6122448979592,-0.0045714974247865,0
-2.6530612244898,30.6122448979592,0.0151783352048744,0
-1.83673469387755,30.6122448979592,0.0102922435072382,0
-1.02040816326531,30.6122448979592,0.00392815406305933,0
-0.204081632653061,30.6122448979592,0.00307078580703806,0
0.612244897959183,30.6122448979592,0.000200374660976426,0
1.42857142857143,30.6122448979592,0.00731478870013421,0
2.24489795918367,30.6122448979592,-0.00834283699665378,0
3.06122448979592,30.6122448979592,0.0112792907515803,0
3.87755102040816,30.6122448979592,0.0324028522695431,0
4.69387755102041,30.6122448979592,0.0233380729002911,0
5.51020408163265,30.6122448979592,0.0390789815809224,1
6.3265306122449,30.6122448979592,0.00734884343908243,0
7.14285714285714,30.6122448979592,0.0289500451743842,0
7.95918367346939,30.6122448979592,0.0400746787007653,0
8.77551020408163,30.6122448979592,0.0233692639539422,0
9.59183673469388,30.6122448979592,0.0227659903736296,0
10.4081632653061,30.6122448979592,0.0288840690914581,0
11.2244897959184,30.6122448979592,0.0372602721849096,0
12.0408163265306,30.6122448979592,0.039215673293781,0
12.8571428571429,30.6122448979592,0.0207727147611911,0
13.6734693877551,30.6122448979592,0.0344397868026982,0
14.4897959183673,30.6122448979592,0.0336620476850215,0
15.3061224489796,30.6122448979592,0.0532083473932251,0
16.1224489795918,30.6122448979592,0.0332715459544329,0
16.9387755102041,30.6122448979592,0.0415602637607496,0
17.7551020408163,30.6122448979592,0.0405773259573426,0
18.5714285714286,30.6122448979592,0.0339290418195283,0
19.3877551020408,30.6122448979592,0.0232452944841114,0
20.2040816326531,30.6122448979592,0.00418686955644034,0
21.0204081632653,30.6122448979592,-0.0100642807869051,0
21.8367346938776,30.6122448979592,0.000938203756176875,0
22.6530612244898,30.6122448979592,0.0231663336010111,0
23.469387755102,30.6122448979592,-0.0151782896297988,0
24.2857142857143,30.6122448979592,0.015559701285955,0
25.1020408163265,30.6122448979592,0.016329119355717,0
25.9183673469388,30.6122448979592,-0.0169669791897577,0
26.734693877551,30.6122448979592,-0.0139464234714172,0
27.5510204081633,30.6122448979592,-0.00963245022112702,0
28.3673469387755,30.6122448979592,0.0245342407691744,0
29.1836734693878,30.6122448979592,0.00393501039777751,0
30,30.6122448979592,0.00231862503226192,0
-10,61.2244897959184,-0.00923560649528491,0
-9.18367346938776,61.2244897959184,-0.00298051471798861,0
-8.36734693877551,61.2244897959184,-0.00922015047372397,0
-7.55102040816327,61.2244897959184,0.00227418926541918,0
-6.73469387755102,61.2244897959184,-0.00637697319047226,0
-5.91836734693878,61.2244897959184,0.0141560753850801,0
-5.10204081632653,61.2244897959184,0.0143154542070253,0
-4.28571428571429,61.2244897959184,-0.00663136140380611,0
-3.46938775510204,61.2244897959184,0.00358719433909279,0
-2.6530612244898,61.2244897959184,0.0107579639916538,0
-1.83673469387755,61.2244897959184,0.0209567719000804,0
-1.02040816326531,61.2244897959184,0.0117516483495862,0
-0.204081632653061,61.2244897959184,0.0223785835419602,0
0.612244897959183,61.2244897959184,0.0220078766331215,0
1.42857142857143,61.2244897959184,-0.00203545542086649,0
2.24489795918367,61.2244897959184,0.0135737390004555,0
3.06122448979592,61.2244897959184,0.0172973680514048,0
3.87755102040816,61.2244897959184,0.0203898106301491,0
4.69387755102041,61.2244897959184,0.0245870327198627,0
5.51020408163265,61.2244897959184,0.0470037101992167,0
6.3265306122449,61.2244897959184,0.0387777163603109,0
7.14285714285714,61.2244897959184,0.0561713847509895,0
7.95918367346939,61.2244897959184,0.0531807033458854,0
8.77551020408163,61.2244897959184,0.0448007450728737,0
9.59183673469388,61.2244897959184,0.0556189514116645,0
10.4081632653061,61.2244897959184,0.0573308434357371,0
11.2244897959184,61.2244897959184,0.0671344184418659,0
12.0408163265306,61.2244897959184,0.0750119041756557,0
12.8571428571429,61.2244897959184,0.0707803547884997,0
13.6734693877551,61.2244897959184,0.0728216570462636,1
14.4897959183673,61.2244897959184,0.0669160082163482,0
15.3061224489796,61.2244897959184,0.08196152481252,1
16.1224489795918,61.2244897959184,0.0864443402986605,0
16.9387755102041,61.2244897959184,0.0577593178069649,0
17.7551020408163,61.2244897959184,0.0496360283077512,0
18.5714285714286,61.2244897959184,0.0684917534422725,0
19.3877551020408,61.2244897959184,0.0419934219609948,0
20.2040816326531,61.2244897959184,0.0356064832018566,0
21.0204081632653,61.2244897959184,0.00187740771329594,0
21.8367346938776,61.2244897959184,0.00671247765847926,0
22.6530612244898,61.2244897959184,0.00093832703522246,0
23.469387755102,61.2244897959184,-0.000605062439342611,0
24.2857142857143,61.2244897959184,-0.00602511816252951,0
25.1020408163265,61.2244897959184,0.00880910991227788,0
25.9183673469388,61.2244897959184,-0.00558668226857669,0
26.734693877551,61.2244897959184,-0.0054608328064042,0
27.5510204081633,61.2244897959184,0.0119039051931001,0
28.3673469387755,61.2244897959184,-0.00019454913798867,0
29.1836734693878,61.2244897959184,-0.00971743344302345,0
30,61.2244897959184,0.00530112957587222,0
-10,91.8367346938775,0.00347668295079659,0
-9.18367346938776,91.8367346938775,-0.00404324925340322,0
-8.36734693877551,91.8367346938775,-0.00243978412090136,0
-7.55102040816327,91.8367346938775,0.0121670876484004,0
-6.73469387755102,91.8367346938775,-0.00458881198166227,0
-5.91836734693878,91.8367346938775,-0.013040494612863,0
-5.10204081632653,91.8367346938775,-0.00246642234942336,0
-4.28571428571429,91.8367346938775,0.00350538799781839,0
-3.46938775510204,91.8367346938775,0.000925416771270246,0
-2.6530612244898,91.8367346938775,0.00237663718483268,0
-1.83673469387755,91.8367346938775,0.0275683245004428,0
-1.02040816326531,91.8367346938775,0.0108123044394452,0
-0.204081632653061,91.8367346938775,0.00786328170490397,0
0.612244897959183,91.8367346938775,0.0196332860465791,0
1.42857142857143,91.8367346938775,0.0191437822502576,0
2.24489795918367,91.8367346938775,0.0350340229852062,0
3.06122448979592,91.8367346938775,0.0345107076406236,0
3.87755102040816,91.8367346938775,0.0486084610033976,0
4.69387755102041,91.8367346938775,0.038420635315219,0
5.51020408163265,91.8367346938775,0.065631709122801,0
6.3265306122449,91.8367346938775,0.0505405600758798,0
7.14285714285714,91.8367346938775,0.0831845552120902,0
7.95918367346939,91.8367346938775,0.0963085475557695,0
8.77551020408163,91.8367346938775,0.102210211908989,0
9.59183673469388,91.8367346938775,0.111160363678879,0
10.4081632653061,91.8367346938775,0.118637896268527,0
11.2244897959184,91.8367346938775,0.13789070479754,0
12.0408163265306,91.8367346938775,0.145911324484334,0
12.8571428571429,91.8367346938775,0.133908842108872,0
13.6734693877551,91.8367346938775,0.128696837377367,0
14.4897959183673,91.8367346938775,0.147560501724318,0
15.3061224489796,91.8367346938775,0.146700375625762,0
16.1224489795918,91.8367346938775,0.152653770560323,0
16.9387755102041,91.8367346938775,0.0992867296886905,0
17.7551020408163,91.8367346938775,0.106770357345995,0
18.5714285714286,91.8367346938775,0.0806643711936871,0
19.3877551020408,91.8367346938775,0.0659900139502628,0
20.2040816326531,91.8367346938775,0.048560658527329,1
21.0204081632653,91.8367346938775,0.0382880243198733,0
21.8367346938776,91.8367346938775,0.02192526202184,0
22.6530612244898,91.8367346938775,0.00591881746866547,0
23.469387755102,91.8367346938775,0.00790150821042781,0
24.2857142857143,91.8367346938775,0.0200922224297822,0
25.1020408163265,91.8367346938775,0.0128015865787903,0
25.9183673469388,91.8367346938775,0.0194032368589884,0
26.734693877551,91.8367346938775,-0.00173376077008923,0
27.5510204081633,91.8367346938775,-0.0138663235907816,0
28.3673469387755,91.8367346938775,0.00246163865452988,0
29.1836734693878,91.8367346938775,0.0050754507279148,0
30,91.8367346938775,0.0260675066208939,0
-10,122.448979591837,-0.00452577908939964,0
-9.18367346938776,122.448979591837,0.00438783260992612,0
-8.36734693877551,122.448979591837,-0.00490866773440503,0
-7.55102040816327,122.448979591837,-0.00226829832296234,0
-6.73469387755102,122.448979591837,0.00750904187710183,0
-5.91836734693878,122.448979591837,-0.00344194450157227,0
-5.10204081632653,122.448979591837,0.0130584892402383,1
-4.28571428571429,122.448979591837,0.00570939985390915,0
-3.46938775510204,122.448979591837,0.0154810111663976,0
-2.6530612244898,122.448979591837,0.00614375080063831,0
-1.83673469387755,122.448979591837,0.013925053400729,0
-1.02040816326531,122.448979591837,0.026461845370863,0
-0.204081632653061,122.448979591837,0.0231731979443838,0
0.612244897959183,122.448979591837,0.0423616787575689,0
1.42857142857143,122.448979591837,0.0458119996661575,0
2.24489795918367,122.448979591837,0.0328452469787044,0
3.06122448979592,122.448979591837,0.0633813489407689,0
3.87755102040816,122.448979591837,0.0811598499950263,1
4.69387755102041,122.448979591837,0.0821883558063626,0
5.51020408163265,122.448979591837,0.106244717132094,1
6.3265306122449,122.448979591837,0.109194104234667,0
7.14285714285714,122.448979591837,0.126789529024894,0
7.95918367346939,122.448979591837,0.157056375375048,0
8.77551020408163,122.448979591837,0.164593189816004,0
9.59183673469388,122.448979591837,0.18775801774104,0
10.4081632653061,122.448979591837,0.208796860717317,0
11.2244897959184,122.448979591837,0.223114117498933,0
12.0408163265306,122.448979591837,0.216441189692499,0
12.8571428571429,122.448979591837,0.238816961855227,0
13.6734693877551,122.448979591837,0.247842621226951,1
14.4897959183673,122.448979591837,0.252886379454846,0
15.3061224489796,122.448979591837,0.244751859404259,1
16.1224489795918,122.448979591837,0.251642980314658,1
16.9387755102041,122.448979591837,0.19666911536042,0
17.7551020408163,122.448979591837,0.186124352884037,0
18.5714285714286,122.448979591837,0.156427182263313,0
19.3877551020408,122.448979591837,0.114209042452494,0
20.2040816326531,122.448979591837,0.0860705004305318,0
21.0204081632653,122.448979591837,0.0487862427468587,0
21.8367346938776,122.448979591837,0.044153261291284,0
22.6530612244898,122.448979591837,0.0264410925983809,0
23.469387755102,122.448979591837,0.0237753209675658,0
24.2857142857143,122.448979591837,0.00576756883636079,0
25.1020408163265,122.448979591837,0.0059944681747585,0
25.9183673469388,122.448979591837,0.0109028033521706,0
26.734693877551,122.448979591837,0.0039817065978115,0
27.5510204081633,122.448979591837,0.0226167074078968,0
28.3673469387755,122.448979591837,0.00732636959260814,0
29.1836734693878,122.448979591837,0.00751990623307728,0
30,122.448979591837,0.00147058111166435,0
-10,153.061224489796,0.00586847495752448,0
-9.18367346938776,153.061224489796,0.0112150420941557,0
-8.36734693877551,153.061224489796,0.00950200912494191,0
-7.55102040816327,153.061224489796,-0.00297588365829337,0
-6.73469387755102,153.061224489796,-0.00638387478552467,0
-5.91836734693878,153.061224489796,0.021394068298443,0
-5.10204081632653,153.061224489796,-0.007693010910026,0
-4.28571428571429,153.061224489796,0.00210132202121434,0
-3.46938775510204,153.061224489796,0.0267913085544557,0
-2.6530612244898,153.061224489796,0.0128220632062242,0
-1.83673469387755,153.061224489796,0.0183585279106687,0
-1.02040816326531,153.061224489796,0.0429906747572688,0
-0.204081632653061,153.061224489796,0.0551905853184122,0
0.612244897959183,153.061224489796,0.0597695678784217,0
1.42857142857143,153.061224489796,0.0544078179925547,0
2.24489795918367,153.061224489796,0.0502423386078503,0
3.06122448979592,153.061224489796,0.0933551293991744,0
3.87755102040816,153.061224489796,0.114890774530153,0
4.69387755102041,153.061224489796,0.13716010624733,0
5.51020408163265,153.061224489796,0.157628274657402,0
6.3265306122449,153.061224489796,0.19198065207493,0
7.14285714285714,153.061224489796,0.206821547088717,0
7.95918367346939,153.061224489796,0.239449776510247,1
8.77551020408163,153.061224489796,0.276253730475332,0
9.59183673469388,153.061224489796,0.294456664742478,1
10.4081632653061,153.061224489796,0.311767098851613,0
11.2244897959184,153.061224489796,0.342386187642318,0
12.0408163265306,153.061224489796,0.350248695464815,0
12.8571428571429,153.061224489796,0.374520159917989,0
13.6734693877551,153.061224489796,0.379094163301309,1
14.4897959183673,153.061224489796,0.386859092698828,0
15.3061224489796,153.061224489796,0.401604913960313,0
16.1224489795918,153.061224489796,0.344059768825706,0
16.9387755102041,153.061224489796,0.317062312993059,0
17.7551020408163,153.061224489796,0.274866893148377,1
18.5714285714286,153.061224489796,0.215800859639134,0
19.3877551020408,153.061224489796,0.173780995437758,0
20.2040816326531,153.061224489796,0.130467620611291,0
21.0204081632653,153.061224489796,0.092328118436631,0
21.8367346938776,153.061224489796,0.0758295951531208,0
22.6530612244898,153.061224489796,0.0468326049442609,0
23.469387755102,153.061224489796,-0.00588778403399541,0
24.2857142857143,153.061224489796,0.00196483238665232,0
25.1020408163265,153.061224489796,0.0241396940959172,0
25.9183673469388,153.061224489796,0.00717271196048513,0
26.734693877551,153.061224489796,0.00120967044779609,0
27.5510204081633,153.061224489796,-0.00191324971319351,0
28.3673469387755,153.061224489796,-0.00283347936239367,0
29.1836734693878,153.061224489796,0.0125110855738386,0
30,153.061224489796,0.0111929146627399,0
-10,183.673469387755,-0.0141015168263529,0
-9.18367346938776,183.673469387755,0.00919257128011921,0
-8.36734693877551,183.673469387755,0.00345180226174768,0
-7.55102040816327,183.673469387755,0.0053160750075675,0
-6.73469387755102,183.673469387755,0.015533369874118,0
-5.91836734693878,183.673469387755,0.00826444151047087,0
-5.10204081632653,183.673469387755,0.0208724520153357,0
-4.28571428571429,183.673469387755,0.0181459586063081,0
-3.46938775510204,183.673469387755,0.0210961995471379,0
-2.6530612244898,183.673469387755,0.0274601899444352,0
-1.83673469387755,183.673469387755,0.0254738929007499,0
-1.02040816326531,183.673469387755,0.0594044771605302,0
-0.204081632653061,183.673469387755,0.0748122006392988,0
0.612244897959183,183.673469387755,0.0758715224659378,0
1.42857142857143,183.673469387755,0.0869878060313029,0
2.24489795918367,183.673469387755,0.0941525027658012,0
3.06122448979592,183.673469387755,0.14648220561098,0
3.87755102040816,183.673469387755,0.160346811048455,0
4.69387755102041,183.673469387755,0.180443656307904,0
5.51020408163265,183.673469387755,0.223040290778117,0
6.3265306122449,183.673469387755,0.252195692677284,0
7.14285714285714,183.673469387755,0.293767500135892,0
7.95918367346939,183.673469387755,0.325545459403634,0
8.77551020408163,183.673469387755,0.392092622157024,0
9.59183673469388,183.673469387755,0.426757507029798,1
10.4081632653061,183.673469387755,0.446554013351961,0
11.2244897959184,183.673469387755,0.470981784243802,1
12.0408163265306,183.673469387755,0.502391278776853,0
12.8571428571429,183.673469387755,0.514597295766341,1
13.6734693877551,183.673469387755,0.546797637654189,1
14.4897959183673,183.673469387755,0.550288933676042,0
15.3061224489796,183.673469387755,0.542506396192702,1
16.1224489795918,183.673469387755,0.512750064948195,0
16.9387755102041,183.673469387755,0.464272361954651,0
17.7551020408163,183.673469387755,0.41410035639415,0
18.5714285714286,183.673469387755,0.328691659064624,1
19.3877551020408,183.673469387755,0.261923208073724,0
20.2040816326531,183.673469387755,0.169654567652075,0
21.0204081632653,183.673469387755,0.12445506354938,1
21.8367346938776,183.673469387755,0.0844856317373952,0
22.6530612244898,183.673469387755,0.0486525680833766,0
23.469387755102,183.673469387755,0.0492816361916709,0
24.2857142857143,183.673469387755,0.022883261705342,0
25.1020408163265,183.673469387755,0.00261582902399649,0
25.9183673469388,183.673469387755,0.013151366902055,0
26.734693877551,183.673469387755,0.00253468512619975,0
27.5510204081633,183.673469387755,-0.00417632091435388,0
28.3673469387755,183.673469387755,0.0109842706120288,0
29.1836734693878,183.673469387755,0.00590311684366533,0
30,183.673469387755,0.0263733080200148,0
-10,214.285714285714,0.00250158156892651,0
-9.18367346938776,214.285714285714,0.00483939678529661,0
-8.36734693877551,214.285714285714,-0.0139898589542553,0
-7.55102040816327,214.285714285714,0.0134907178054319,0
-6.73469387755102,214.285714285714,0.000904817895089946,0
-5.91836734693878,214.285714285714,0.0178690929872502,0
-5.10204081632653,214.285714285714,0.0115341138943745,0
-4.28571428571429,214.285714285714,0.00781591194507266,0
-3.46938775510204,214.285714285714,0.00272329394556077,0
-2.6530612244898,214.285714285714,0.0490811845091379,0
-1.83673469387755,214.285714285714,0.0381006884351088,0
-1.02040816326531,214.285714285714,0.0499675928686109,0
-0.204081632653061,214.285714285714,0.0771763395985102,0
0.612244897959183,214.285714285714,0.0811045812285461,0
1.42857142857143,214.285714285714,0.0996290792034302,0
2.24489795918367,214.285714285714,0.142653316572026,0
3.06122448979592,214.285714285714,0.181849575885122,0
3.87755102040816,214.285714285714,0.222664350802072,0
4.69387755102041,214.285714285714,0.254065132614223,0
5.51020408163265,214.285714285714,0.299553714047361,1
6.3265306122449,214.285714285714,0.361184975552865,0
7.14285714285714,214.285714285714,0.394297632587901,1
7.95918367346939,214.285714285714,0.443728042026196,1
8.77551020408163,214.285714285714,0.478624683388679,1
9.59183673469388,214.285714285714,0.538349082336953,1
10.4081632653061,214.285714285714,0.574354820033058,1
11.2244897959184,214.285714285714,0.615524682981557,1
12.0408163265306,214.285714285714,0.66898370522349,0
12.8571428571429,214.285714285714,0.675795641367752,1
13.6734693877551,214.285714285714,0.710725723730138,1
14.4897959183673,214.285714285714,0.725962575562562,0
15.3061224489796,214.285714285714,0.731250686998661,1
16.1224489795918,214.285714285714,0.687849103638729,1
16.9387755102041,214.285714285714,0.619845305493534,0
17.7551020408163,214.285714285714,0.535314565843205,1
18.5714285714286,214.285714285714,0.427743812227019,0
19.3877551020408,214.285714285714,0.320656080779797,1
20.2040816326531,214.285714285714,0.235864490993864,0
21.0204081632653,214.285714285714,0.169774377433838,0
21.8367346938776,214.285714285714,0.117373506829915,0
22.6530612244898,214.285714285714,0.0602882654715389,0
23.469387755102,214.285714285714,0.0391215805443992,0
24.2857142857143,214.285714285714,0.0191190111831385,0
25.1020408163265,214.285714285714,0.0181193384580547,0
25.9183673469388,214.285714285714,-0.000578159186302387,0
26.734693877551,214.285714285714,0.0249537646867471,0
27.5510204081633,214.285714285714,0.00575211293769998,0
28.3673469387755,214.285714285714,0.0095959156299211,0
29.1836734693878,214.285714285714,0.0145725462090965,0
30,214.285714285714,-0.00836446061129891,0
-10,244.897959183673,-0.00564780212931641,0
-9.18367346938776,244.897959183673,0.0108183852851271,0
-8.36734693877551,244.897959183673,0.0157989272461444,0
-7.55102040816327,244.897959183673,0.00603587449158829,0
-6.73469387755102,244.897959183673,0.0179316560126817,0
-5.91836734693878,244.897959183673,0.00628137446485352,0
-5.10204081632653,244.897959183673,0.0152028928942734,0
-4.28571428571429,244.897959183673,0.0257338908888662,0
-3.46938775510204,244.897959183673,0.0111731527004526,0
-2.6530612244898,244.897959183673,0.0311811662082334,0
-1.83673469387755,244.897959183673,0.0563210804924364,0
-1.02040816326531,244.897959183673,0.0636998197542459,0
-0.204081632653061,244.897959183673,0.0836944655261984,0
0.612244897959183,244.897959183673,0.109182240689972,0
1.42857142857143,244.897959183673,0.143819600788483,0
2.24489795918367,244.897959183673,0.18213803408158,0
3.06122448979592,244.897959183673,0.204899227826846,0
3.87755102040816,244.897959183673,0.252932662097154,0
4.69387755102041,244.897959183673,0.303500883532379,0
5.51020408163265,244.897959183673,0.367142851556126,0
6.3265306122449,244.897959183673,0.40531873613726,1
7.14285714285714,244.897959183673,0.473128375689639,0
7.95918367346939,244.897959183673,0.54439756890728,1
8.77551020408163,244.897959183673,0.579535621296386,1
9.59183673469388,244.897959183673,0.657093384982761,0
10.4081632653061,244.897959183673,0.701854142830128,1
11.2244897959184,244.897959183673,0.746251704064473,1
12.0408163265306,244.897959183673,0.795557122435241,1
12.8571428571429,244.897959183673,0.834629342348182,0
13.6734693877551,244.897959183673,0.870991593327196,1
14.4897959183673,244.897959183673,0.87459361736796,1
15.3061224489796,244.897959183673,0.874654828497206,1
16.1224489795918,244.897959183673,0.833415606542539,1
16.9387755102041,244.897959183673,0.750353697561438,1
17.7551020408163,244.897959183673,0.647106688572057,0
18.5714285714286,244.897959183673,0.532192316484641,0
19.3877551020408,244.897959183673,0.411816891238334,0
20.2040816326531,244.897959183673,0.304531066299465,0
21.0204081632653,244.897959183673,0.209366990680838,0
21.8367346938776,244.897959183673,0.139904856992217,0
22.6530612244898,244.897959183673,0.0781740640342053,0
23.469387755102,244.897959183673,0.0603338201532122,0
24.2857142857143,244.897959183673,0.017526752844276,0
25.1020408163265,244.897959183673,0.00110378731706226,0
25.9183673469388,244.897959183673,0.00641883086448056,0
26.734693877551,244.897959183673,-0.0179302824134167,0
27.5510204081633,244.897959183673,-0.0109365450313732,0
28.3673469387755,244.897959183673,-0.010901455296554,0
29.1836734693878,244.897959183673,0.00603043436808621,0
30,244.897959183673,-0.00612112100510017,0
-10,275.510204081633,-0.000157396905620449,0
-9.18367346938776,275.510204081633,-0.00393573604785325,0
-8.36734693877551,275.510204081633,0.0174064377226735,0
-7.55102040816327,275.510204081633,0.00623198060168881,0
-6.73469387755102,275.510204081633,0.00157795895358577,0
-5.91836734693878,275.510204081633,0.0156125015663991,0
-5.10204081632653,275.510204081633,0.0154658624708115,0
-4.28571428571429,275.510204081633,0.0162256270533088,0
-3.46938775510204,275.510204081633,0.0375285605444491,0
-2.6530612244898,275.510204081633,0.0524143192172997,0
-1.83673469387755,275.510204081633,0.064809086766769,0
-1.02040816326531,275.510204081633,0.0688896713518478,0
-0.204081632653061,275.510204081633,0.104953716107959,0
0.612244897959183,275.510204081633,0.104093083280084,0
1.42857142857143,275.510204081633,0.157769533991703,0
2.24489795918367,275.510204081633,0.185688642367531,0
3.06122448979592,275.510204081633,0.240198342106214,0
3.87755102040816,275.510204081633,0.283810987860687,1
4.69387755102041,275.510204081633,0.345059987104855,0
5.51020408163265,275.510204081633,0.390429126626443,1
6.3265306122449,275.510204081633,0.474419576079153,1
7.14285714285714,275.510204081633,0.52289909433958,1
7.95918367346939,275.510204081633,0.599947931157063,0
8.77551020408163,275.510204081633,0.65833161067022,0
9.59183673469388,275.510204081633,0.744851882936261,1
10.4081632653061,275.510204081633,0.789130542675969,1
11.2244897959184,275.510204081633,0.840597017923336,1
12.0408163265306,275.510204081633,0.890739725332486,1
12.8571428571429,275.510204081633,0.935472672203788,1
13.6734693877551,275.510204081633,0.961487607496856,1
14.4897959183673,275.510204081633,0.965576054909155,1
15.3061224489796,275.510204081633,0.972187947325542,1
16.1224489795918,275.510204081633,0.937641093900303,1
16.9387755102041,275.510204081633,0.849734313586691,1
17.7551020408163,275.510204081633,0.729712274234435,1
18.5714285714286,275.510204081633,0.583585584882474,0
19.3877551020408,275.510204081633,0.448426425089926,0
20.2040816326531,275.510204081633,0.330810745670283,0
21.0204081632653,275.510204081633,0.23931409783056,0
21.8367346938776,275.510204081633,0.129736591467071,0
22.6530612244898,275.510204081633,0.0962020265349137,0
23.469387755102,275.510204081633,0.0436212074644863,0
24.2857142857143,275.510204081633,0.0312611186516771,0
25.1020408163265,275.510204081633,0.017209624519321,0
25.9183673469388,275.510204081633,0.0108362997192153,0
26.734693877551,275.510204081633,-0.00624510305556105,0
27.5510204081633,275.510204081633,-0.00807761431690862,0
28.3673469387755,275.510204081633,-0.0138334225916233,0
29.1836734693878,275.510204081633,-0.0090790320267387,0
30,275.510204081633,0.0102610425432784,0
-10,306.122448979592,-0.00943083910720818,0
-9.18367346938776,306.122448979592,0.00106973162412124,0
-8.36734693877551,306.122448979592,0.0209957140465242,0
-7.55102040816327,306.122448979592,-0.0115721750313835,0
-6.73469387755102,306.122448979592,0.00513329920227215,0
-5.91836734693878,306.122448979592,0.0263542510839251,0
-5.10204081632653,306.122448979592,0.0293653234903244,0
-4.28571428571429,306.122448979592,0.0153591572098188,0
-3.46938775510204,306.122448979592,0.018367160627884,0
-2.6530612244898,306.122448979592,0.0336666241617617,0
-1.83673469387755,306.122448979592,0.0487704334232729,0
-1.02040816326531,306.122448979592,0.0776949343156189,0
-0.204081632653061,306.122448979592,0.0963843692651498,0
0.612244897959183,306.122448979592,0.152994885996661,1
1.42857142857143,306.122448979592,0.141224791672051,1
2.24489795918367,306.122448979592,0.185633149812346,0
3.06122448979592,306.122448979592,0.239837102691482,0
3.87755102040816,306.122448979592,0.285835148474717,0
4.69387755102041,306.122448979592,0.349931291073526,0
5.51020408163265,306.122448979592,0.404333034294907,1
6.3265306122449,306.122448979592,0.470959361168426,1
7.14285714285714,306.122448979592,0.529430113686622,1
7.95918367346939,306.122448979592,0.60791418749432,1
8.77551020408163,306.122448979592,0.691511930509274,1
9.59183673469388,306.122448979592,0.749686430637806,1
10.4081632653061,306.122448979592,0.814875489091491,1
11.2244897959184,306.122448979592,0.872332412340389,1
12.0408163265306,306.122448979592,0.913374808669402,1
12.8571428571429,306.122448979592,0.953119098372728,1
13.6734693877551,306.122448979592,0.993590785175922,0
14.4897959183673,306.122448979592,1.00679566158164,1
15.3061224489796,306.122448979592,0.992126155134577,1
16.1224489795918,306.122448979592,0.955329593316792,1
16.9387755102041,306.122448979592,0.855745876883784,1
17.7551020408163,306.122448979592,0.742630850408228,0
18.5714285714286,306.122448979592,0.604005229715431,1
19.3877551020408,306.122448979592,0.4654514659098,1
20.2040816326531,306.122448979592,0.35762979695167,0
21.0204081632653,306.122448979592,0.244839016074382,0
21.8367346938776,306.122448979592,0.180293794936848,0
22.6530612244898,306.122448979592,0.0972717406723966,0
23.469387755102,306.122448979592,0.0546433145467881,0
24.2857142857143,306.122448979592,0.0126883953996107,0
25.1020408163265,306.122448979592,0.0132742542346077,0
25.9183673469388,306.122448979592,0.00148466896025169,0
26.734693877551,306.122448979592,0.010799483744103,0
27.5510204081633,306.122448979592,0.0105879941010229,0
28.3673469387755,306.122448979592,0.000345602311059429,0
29.1836734693878,306.122448979592,-0.00237744897095467,0
30,306.122448979592,0.00381767580301753,0
-10,336.734693877551,0.00744224095632783,0
-9.18367346938776,336.734693877551,-0.00409245969225862,0
-8.36734693877551,336.734693877551,0.00850352200374387,0
-7.55102040816327,336.734693877551,0.00311112204283725,0
-6.73469387755102,336.734693877551,-0.0115322818719996,0
-5.91836734693878,336.734693877551,0.010991993778329,0
-5.10204081632653,336.734693877551,0.0227590135871783,0
-4.28571428571429,336.734693877551,0.0214935162436404,0
-3.46938775510204,336.734693877551,0.0380188210902563,0
-2.6530612244898,336.734693877551,0.0575167193905603,0
-1.83673469387755,336.734693877551,0.044057444603288,0
-1.02040816326531,336.734693877551,0.0705406137384811,0
-0.204081632653061,336.734693877551,0.105344189240878,0
0.612244897959183,336.734693877551,0.129219128230739,0
1.42857142857143,336.734693877551,0.155520457307195,0
2.24489795918367,336.734693877551,0.200645308005399,1
3.06122448979592,336.734693877551,0.230709920265834,1
3.87755102040816,336.734693877551,0.290084775831374,0
4.69387755102041,336.734693877551,0.336564686717786,1
5.51020408163265,336.734693877551,0.404685454354177,1
6.3265306122449,336.734693877551,0.467366900187544,1
7.14285714285714,336.734693877551,0.527699427364727,0
7.95918367346939,336.734693877551,0.610838162269577,1
8.77551020408163,336.734693877551,0.674355021676989,1
9.59183673469388,336.734693877551,0.747787429615209,0
10.4081632653061,336.734693877551,0.798032510927444,1
11.2244897959184,336.734693877551,0.863583126875032,1
12.0408163265306,336.734693877551,0.911411386302423,1
12.8571428571429,336.734693877551,0.931452648387148,1
13.6734693877551,336.734693877551,0.973611568822683,1
14.4897959183673,336.734693877551,1.00026791792323,1
15.3061224489796,336.734693877551,0.99055857786122,1
16.1224489795918,336.734693877551,0.949872533791098,1
16.9387755102041,336.734693877551,0.865086998862222,1
17.7551020408163,336.734693877551,0.740615201251404,1
18.5714285714286,336.734693877551,0.587705667846012,1
19.3877551020408,336.734693877551,0.46400602853444,0
20.2040816326531,336.734693877551,0.333580702733152,0
21.0204081632653,336.734693877551,0.241128838618754,0
21.8367346938776,336.734693877551,0.157823213621084,0
22.6530612244898,336.734693877551,0.0862183041770353,0
23.469387755102,336.734693877551,0.0572114007153982,0
24.2857142857143,336.734693877551,0.0435354648428298,0
25.1020408163265,336.734693877551,0.0101678735266308,0
25.9183673469388,336.734693877551,-0.00662614248983254,0
26.734693877551,336.734693877551,0.00388360966319883,0
27.5510204081633,336.734693877551,-0.00399243573539402,0
28.3673469387755,336.734693877551,0.00120558226281818,0
29.1836734693878,336.734693877551,0.0100270525188904,0
30,336.734693877551,-0.00623620838095678,0
-10,367.34693877551,0.00561559884120961,0
-9.18367346938776,367.34693877551,0.00791241741575048,0
-8.36734693877551,367.34693877551,-0.00692508508644224,0
-7.55102040816327,367.34693877551,0.00336389861397788,0
-6.73469387755102,367.34693877551,0.0162984761143483,0
-5.91836734693878,367.34693877551,0.0114553308812209,0
-5.10204081632653,367.34693877551,0.0197178624858181,0
-4.28571428571429,367.34693877551,0.0260671677506731,0
-3.46938775510204,367.34693877551,0.0322961140629763,0
-2.6530612244898,367.34693877551,0.0331198331835214,0
-1.83673469387755,367.34693877551,0.0655987299239305,1
-1.02040816326531,367.34693877551,0.0557088584782243,1
-0.204081632653061,367.34693877551,0.0800963304968991,0
0.612244897959183,367.34693877551,0.105256414969147,0
1.42857142857143,367.34693877551,0.15395603404544,0
2.24489795918367,367.34693877551,0.198514121367752,1
3.06122448979592,367.34693877551,0.223914849514625,0
3.87755102040816,367.34693877551,0.291239129200352,0
4.69387755102041,367.34693877551,0.344574998127447,1
5.51020408163265,367.34693877551,0.388920148905019,0
6.3265306122449,367.34693877551,0.488107427720279,1
7.14285714285714,367.34693877551,0.516771124635459,0
7.95918367346939,367.34693877551,0.591055798055871,1
8.77551020408163,367.34693877551,0.663091259737573,1
9.59183673469388,367.34693877551,0.72500895320922,1
10.4081632653061,367.34693877551,0.791178833195634,1
11.2244897959184,367.34693877551,0.865880814379652,1
12.0408163265306,367.34693877551,0.909991556286167,1
12.8571428571429,367.34693877551,0.945424997090351,1
13.6734693877551,367.34693877551,0.961629223690007,1
14.4897959183673,367.34693877551,0.97960034984428,1
15.3061224489796,367.34693877551,0.960031475931959,1
16.1224489795918,367.34693877551,0.931141002880941,1
16.9387755102041,367.34693877551,0.832908566832759,0
17.7551020408163,367.34693877551,0.725511701833199,1
18.5714285714286,367.34693877551,0.58820639162516,1
19.3877551020408,367.34693877551,0.459122971550733,1
20.2040816326531,367.34693877551,0.33110007612511,0
21.0204081632653,367.34693877551,0.220317482182712,0
21.8367346938776,367.34693877551,0.14306140100378,1
22.6530612244898,367.34693877551,0.0967436932459981,0
23.469387755102,367.34693877551,0.0697470772282063,0
24.2857142857143,367.34693877551,0.0200434007333588,0
25.1020408163265,367.34693877551,0.00112172090308027,0
25.9183673469388,367.34693877551,0.00841444971569305,0
26.734693877551,367.34693877551,0.0121120297024781,0
27.5510204081633,367.34693877551,0.00148119597635866,0
28.3673469387755,367.34693877551,0.00760817561691968,0
29.1836734693878,367.34693877551,0.0172207715327288,0
30,367.34693877551,0.00975461276940997,0
-10,397.959183673469,0.000680862555565535,0
-9.18367346938776,397.959183673469,-0.000641114989899064,0
-8.36734693877551,397.959183673469,-0.0150154906497347,0
-7.55102040816327,397.959183673469,-0.00218584784972592,0
-6.73469387755102,397.959183673469,-0.00587312309821366,0
-5.91836734693878,397.959183673469,0.008483485480442,0
-5.10204081632653,397.959183673469,0.0250545027368385,0
-4.28571428571429,397.959183673469,0.0308468812107891,0
-3.46938775510204,397.959183673469,0.039910079001761,0
-2.6530612244898,397.959183673469,0.0379047693104041,0
-1.83673469387755,397.959183673469,0.0489993226984837,0
-1.02040816326531,397.959183673469,0.0530062886358229,0
-0.204081632653061,397.959183673469,0.093454549991335,0
0.612244897959183,397.959183673469,0.12286046724207,0
1.42857142857143,397.959183673469,0.14537910599256,0
2.24489795918367,397.959183673469,0.186955370851656,1
3.06122448979592,397.959183673469,0.2279509198694,0
3.87755102040816,397.959183673469,0.292308574025342,1
4.69387755102041,397.959183673469,0.328466812762125,1
5.51020408163265,397.959183673469,0.392395980194057,0
6.3265306122449,397.959183673469,0.451471038270628,0
7.14285714285714,397.959183673469,0.508073143006376,0
7.95918367346939,397.959183673469,0.595211322619375,1
8.77551020408163,397.959183673469,0.660056943668854,0
9.59183673469388,397.959183673469,0.724575194079618,1
10.4081632653061,397.959183673469,0.774749141518739,1
11.2244897959184,397.959183673469,0.82753434280726,0
12.0408163265306,397.959183673469,0.888170443150975,0
12.8571428571429,397.959183673469,0.913987009021112,1
13.6734693877551,397.959183673469,0.935057729077798,1
14.4897959183673,397.959183673469,0.947410491018083,1
15.3061224489796,397.959183673469,0.964773522246604,1
16.1224489795918,397.959183673469,0.921215943028028,1
16.9387755102041,397.959183673469,0.818589603441663,0
17.7551020408163,397.959183673469,0.696319457089429,1
18.5714285714286,397.959183673469,0.580328996374861,0
19.3877551020408,397.959183673469,0.463274331426977,0
20.2040816326531,397.959183673469,0.322463949016163,1
21.0204081632653,397.959183673469,0.246954100048722,0
21.8367346938776,397.959183673469,0.144336586343896,0
22.6530612244898,397.959183673469,0.0945842286437238,0
23.469387755102,397.959183673469,0.0705523682171231,0
24.2857142857143,397.959183673469,0.0478197355114245,0
25.1020408163265,397.959183673469,0.0171852637294199,0
25.9183673469388,397.959183673469,0.0188881295183248,0
26.734693877551,397.959183673469,0.0285435318854392,0
27.5510204081633,397.959183673469,-0.00189027008847452,0
28.3673469387755,397.959183673469,0.00570365495262857,0
29.1836734693878,397.959183673469,-0.0111222691860526,0
30,397.959183673469,0.0037514152924926,0
-10,428.571428571429,0.00992367725076992,0
-9.18367346938776,428.571428571429,-0.0104907818133842,0
-8.36734693877551,428.571428571429,0.0147188732013123,0
-7.55102040816327,428.571428571429,0.0131890959713234,0
-6.73469387755102,428.571428571429,-0.0140162231519472,0
-5.91836734693878,428.571428571429,0.0186052588092941,0
-5.10204081632653,428.571428571429,0.0190257501788276,0
-4.28571428571429,428.571428571429,0.023084396891379,0
-3.46938775510204,428.571428571429,0.0377938861208213,0
-2.6530612244898,428.571428571429,0.0507973632200799,0
-1.83673469387755,428.571428571429,0.0506095265216626,0
-1.02040816326531,428.571428571429,0.083416509126648,0
-0.204081632653061,428.571428571429,0.0932928099908352,0
0.612244897959183,428.571428571429,0.109071910096505,1
1.42857142857143,428.571428571429,0.154091921172593,0
2.24489795918367,428.571428571429,0.181831189696614,0
3.06122448979592,428.571428571429,0.224131932470513,0
3.87755102040816,428.571428571429,0.250905518476649,0
4.69387755102041,428.571428571429,0.32293298997997,1
5.51020408163265,428.571428571429,0.373553296513525,0
6.3265306122449,428.571428571429,0.461254177650758,1
7.14285714285714,428.571428571429,0.510030689948135,1
7.95918367346939,428.571428571429,0.583895589927089,0
8.77551020408163,428.571428571429,0.636443787619761,1
9.59183673469388,428.571428571429,0.715335756378735,1
10.4081632653061,428.571428571429,0.730169333661335,0
11.2244897959184,428.571428571429,0.815914826492316,1
12.0408163265306,428.571428571429,0.86620221254043,1
12.8571428571429,428.571428571429,0.895788416427159,1
13.6734693877551,428.571428571429,0.921550881863425,1
14.4897959183673,428.571428571429,0.93969694963913,1
15.3061224489796,428.571428571429,0.927870368434634,0
16.1224489795918,428.571428571429,0.876419152794941,1
16.9387755102041,428.571428571429,0.798114861181886,1
17.7551020408163,428.571428571429,0.697155753516638,0
18.5714285714286,428.571428571429,0.562266648869232,0
19.3877551020408,428.571428571429,0.435046391808335,1
20.2040816326531,428.571428571429,0.318724841639318,1
21.0204081632653,428.571428571429,0.223870329539788,0
21.8367346938776,428.571428571429,0.132069146517065,0
22.6530612244898,428.571428571429,0.0982443332349125,0
23.469387755102,428.571428571429,0.0619826807286584,0
24.2857142857143,428.571428571429,0.0297861429175139,0
25.1020408163265,428.571428571429,0.00596852733317261,0
25.9183673469388,428.571428571429,0.0113475170769866,0
26.734693877551,428.571428571429,-0.0198005540989439,0
27.5510204081633,428.571428571429,-0.00967074336219156,0
28.3673469387755,428.571428571429,0.00402330073486909,0
29.1836734693878,428.571428571429,-0.00984878805101787,0
30,428.571428571429,0.0186078203618611,0
-10,459.183673469388,0.00197012309648123,0
-9.18367346938776,459.183673469388,-0.0185156760139726,0
-8.36734693877551,459.183673469388,-0.000417524463383929,0
-7.55102040816327,459.183673469388,-0.0017498453852262,0
-6.73469387755102,459.183673469388,0.0115912256009656,0
-5.91836734693878,459.183673469388,0.0182437876176291,0
-5.10204081632653,459.183673469388,0.00405919509345887,0
-4.28571428571429,459.183673469388,0.00603608125254411,0
-3.46938775510204,459.183673469388,0.044674250796715,0
-2.6530612244898,459.183673469388,0.0435466382585194,0
-1.83673469387755,459.183673469388,0.0505162351481844,0
-1.02040816326531,459.183673469388,0.0627262389007125,0
-0.204081632653061,459.183673469388,0.0961355450689597,0
0.612244897959183,459.183673469388,0.11678096428555,0
1.42857142857143,459.183673469388,0.137980064221587,1
2.24489795918367,459.183673469388,0.187690625325592,0
3.06122448979592,459.183673469388,0.215415158401978,0
3.87755102040816,459.183673469388,0.254712626410025,1
4.69387755102041,459.183673469388,0.315643234561759,0
5.51020408163265,459.183673469388,0.371648538704321,1
6.3265306122449,459.183673469388,0.433477460471334,0
7.14285714285714,459.183673469388,0.477813381122113,0
7.95918367346939,459.183673469388,0.552592159675928,1
8.77551020408163,459.183673469388,0.624264746512785,1
9.59183673469388,459.183673469388,0.688084673939373,0
10.4081632653061,459.183673469388,0.744041670412107,1
11.2244897959184,459.183673469388,0.779437253989561,1
12.0408163265306,459.183673469388,0.810597276224017,0
12.8571428571429,459.183673469388,0.85478079087855,1
13.6734693877551,459.183673469388,0.904385065043539,1
14.4897959183673,459.183673469388,0.892639651232685,1
15.3061224489796,459.183673469388,0.898407894107168,1
16.1224489795918,459.183673469388,0.8591867619918,1
16.9387755102041,459.183673469388,0.791706664601075,1
17.7551020408163,459.183673469388,0.670082397913714,1
18.5714285714286,459.183673469388,0.561088174631553,1
19.3877551020408,459.183673469388,0.419866342511292,0
20.2040816326531,459.183673469388,0.290201866040117,0
21.0204081632653,459.183673469388,0.200364674885296,0
21.8367346938776,459.183673469388,0.136638190072201,1
22.6530612244898,459.183673469388,0.079319644940803,1
23.469387755102,459.183673469388,0.0400317959325294,0
24.2857142857143,459.183673469388,0.0263412947641832,0
25.1020408163265,459.183673469388,0.00762383837862352,0
25.9183673469388,459.183673469388,0.0124528236893091,0
26.734693877551,459.183673469388,-0.00877312171132501,0
27.5510204081633,459.183673469388,-0.00839867018476744,0
28.3673469387755,459.183673469388,-0.00950915137986283,0
29.1836734693878,459.183673469388,0.00377171232038173,0
30,459.183673469388,-0.0055540357096046,0
-10,489.795918367347,-0.00649514123882242,0
-9.18367346938776,489.795918367347,0.00623534114632676,0
-8.36734693877551,489.795918367347,0.00533294192652597,0
-7.55102040816327,489.795918367347,0.0149675904059805,0
-6.73469387755102,489.795918367347,0.000298821712518419,0
-5.91836734693878,489.795918367347,0.00713988734305076,0
-5.10204081632653,489.795918367347,0.0172343874479516,0
-4.28571428571429,489.795918367347,0.0209893563433832,0
-3.46938775510204,489.795918367347,0.0246805264753732,0
-2.6530612244898,489.795918367347,0.0407734420906717,0
-1.83673469387755,489.795918367347,0.0587794584762017,0
-1.02040816326531,489.795918367347,0.056705479213482,0
-0.204081632653061,489.795918367347,0.0987505005200164,0
0.612244897959183,489.795918367347,0.104621549029835,0
1.42857142857143,489.795918367347,0.137929216341506,0
2.24489795918367,489.795918367347,0.140141436316739,0
3.06122448979592,489.795918367347,0.197942268803541,0
3.87755102040816,489.795918367347,0.251612875371559,0
4.69387755102041,489.795918367347,0.299146904893814,0
5.51020408163265,489.795918367347,0.353963708599242,1
6.3265306122449,489.795918367347,0.412351370790352,0
7.14285714285714,489.795918367347,0.490446320217094,1
7.95918367346939,489.795918367347,0.524608165456946,0
8.77551020408163,489.795918367347,0.585342067096007,0
9.59183673469388,489.795918367347,0.651869396962574,1
10.4081632653061,489.795918367347,0.699342971489452,0
11.2244897959184,489.795918367347,0.738018293475499,1
12.0408163265306,489.795918367347,0.791839338905245,1
12.8571428571429,489.795918367347,0.815215487700829,1
13.6734693877551,489.795918367347,0.852547583164007,0
14.4897959183673,489.795918367347,0.874723158157585,1
15.3061224489796,489.795918367347,0.862823386254248,1
16.1224489795918,489.795918367347,0.806755620391456,1
16.9387755102041,489.795918367347,0.745191491927582,1
17.7551020408163,489.795918367347,0.628135697722624,1
18.5714285714286,489.795918367347,0.513634663064092,0
19.3877551020408,489.795918367347,0.392027360269593,1
20.2040816326531,489.795918367347,0.297982496401337,1
21.0204081632653,489.795918367347,0.213669361328704,0
21.8367346938776,489.795918367347,0.129781487117777,0
22.6530612244898,489.795918367347,0.0784311008200404,0
23.469387755102,489.795918367347,0.0334833377321509,0
24.2857142857143,489.795918367347,0.0276282472680154,0
25.1020408163265,489.795918367347,0.0101478457769483,0
25.9183673469388,489.795918367347,-0.000364023603863537,0
26.734693877551,489.795918367347,0.0229216517292813,0
27.5510204081633,489.795918367347,0.00421664131358515,0
28.3673469387755,489.795918367347,0.00194066807337116,0
29.1836734693878,489.795918367347,-0.00439993745289821,0
30,489.795918367347,0.00869203820814647,0
-10,520.408163265306,-0.00620148682423189,0
-9.18367346938776,520.408163265306,0.00415759068654291,0
-8.36734693877551,520.408163265306,-0.00767185554270719,0
-7.55102040816327,520.408163265306,0.0328915478401581,0
-6.73469387755102,520.408163265306,0.0213514797383704,0
-5.91836734693878,520.408163265306,0.0233823074945733,0
-5.10204081632653,520.408163265306,0.00753630834029903,0
-4.28571428571429,520.408163265306,0.0316924670611012,0
-3.46938775510204,520.408163265306,0.00441664838027545,0
-2.6530612244898,520.408163265306,0.0283766259225579,0
-1.83673469387755,520.408163265306,0.0535463021289499,0
-1.02040816326531,520.408163265306,0.0500031002955142,0
-0.204081632653061,520.408163265306,0.0705450869294005,0
0.612244897959183,520.408163265306,0.12046614065427,0
1.42857142857143,520.408163265306,0.135579760243664,1
2.24489795918367,520.408163265306,0.16711861843294,0
3.06122448979592,520.408163265306,0.205726025371642,0
3.87755102040816,520.408163265306,0.246740786059101,1
4.69387755102041,520.408163265306,0.269845158912707,0
5.51020408163265,520.408163265306,0.346257702960619,1
6.3265306122449,520.408163265306,0.368817579910533,1
7.14285714285714,520.408163265306,0.448201102107404,0
7.95918367346939,520.408163265306,0.500835527343085,1
8.77551020408163,520.408163265306,0.543084476492217,0
9.59183673469388,520.408163265306,0.628485273790152,0
10.4081632653061,520.408163265306,0.676985877566504,1
11.2244897959184,520.408163265306,0.711926176670476,0
12.0408163265306,520.408163265306,0.754689588730055,0
12.8571428571429,520.408163265306,0.780332121916835,1
13.6734693877551,520.408163265306,0.815933273095414,1
14.4897959183673,520.408163265306,0.818871741957291,1
15.3061224489796,520.408163265306,0.821378690175413,1
16.1224489795918,520.408163265306,0.789838169967897,1
16.9387755102041,520.408163265306,0.699774231566102,0
17.7551020408163,520.408163265306,0.60146373261608,1
18.5714285714286,520.408163265306,0.49936304258388,1
19.3877551020408,520.408163265306,0.380592575151975,0
20.2040816326531,520.408163265306,0.269510365575852,0
21.0204081632653,520.408163265306,0.188608691743109,0
21.8367346938776,520.408163265306,0.125689846084729,0
22.6530612244898,520.408163265306,0.0684405986962994,0
23.469387755102,520.408163265306,0.0603817746285875,0
24.2857142857143,520.408163265306,0.0248939431816036,0
25.1020408163265,520.408163265306,0.0265183112980702,0
25.9183673469388,520.408163265306,0.00101543887421414,0
26.734693877551,520.408163265306,0.00481895266725964,0
27.5510204081633,520.408163265306,-0.000236842475519016,0
28.3673469387755,520.408163265306,0.0163437017788821,0
29.1836734693878,520.408163265306,-0.00208371887461717,0
30,520.408163265306,0.00711451222512546,0
-10,551.020408163265,-0.0066167763519586,0
-9.18367346938776,551.020408163265,0.0091880903487146,0
-8.36734693877551,551.020408163265,-0.00516586131799285,0
-7.55102040816327,551.020408163265,0.0196433656532646,0
-6.73469387755102,551.020408163265,0.00391474841178184,0
-5.91836734693878,551.020408163265,0.0180434982479422,0
-5.10204081632653,551.020408163265,-0.00667546218722846,0
-4.28571428571429,551.020408163265,0.029512944902319,0
-3.46938775510204,551.020408163265,0.0418321141763693,0
-2.6530612244898,551.020408163265,0.0357418420589761,1
-1.83673469387755,551.020408163265,0.0545585606012807,0
-1.02040816326531,551.020408163265,0.0728849668919595,0
-0.204081632653061,551.020408163265,0.0681269693392935,0
0.612244897959183,551.020408163265,0.0930798495243182,0
1.42857142857143,551.020408163265,0.117025481331229,0
2.24489795918367,551.020408163265,0.15121043723665,0
3.06122448979592,551.020408163265,0.174586832502592,0
3.87755102040816,551.020408163265,0.210842279869276,1
4.69387755102041,551.020408163265,0.291438126836713,0
5.51020408163265,551.020408163265,0.314446699686292,1
6.3265306122449,551.020408163265,0.37615268986876,1
7.14285714285714,551.020408163265,0.421018583914325,1
7.95918367346939,551.020408163265,0.462314319853595,0
8.77551020408163,551.020408163265,0.525923958295167,1
9.59183673469388,551.020408163265,0.595071304134791,0
10.4081632653061,551.020408163265,0.624932530455464,1
11.2244897959184,551.020408163265,0.67757446310105,1
12.0408163265306,551.020408163265,0.720947927750581,1
12.8571428571429,551.020408163265,0.723682361473928,1
13.6734693877551,551.020408163265,0.765115762051665,1
14.4897959183673,551.020408163265,0.772198970115839,1
15.3061224489796,551.020408163265,0.765612500849039,1
16.1224489795918,551.020408163265,0.734798759842269,0
16.9387755102041,551.020408163265,0.66918183033725,1
17.7551020408163,551.020408163265,0.560930106767182,1
18.5714285714286,551.020408163265,0.472019106824789,1
19.3877551020408,551.020408163265,0.347970862554293,1
20.2040816326531,551.020408163265,0.261379130451438,1
21.0204081632653,551.020408163265,0.184445304000712,0
21.8367346938776,551.020408163265,0.103539560247764,1
22.6530612244898,551.020408163265,0.0638953004896139,0
23.469387755102,551.020408163265,0.0459415360786469,0
24.2857142857143,551.020408163265,0.0411714088354107,0
25.1020408163265,551.020408163265,0.0189264692369001,0
25.9183673469388,551.020408163265,0.00562471384789208,0
26.734693877551,551.020408163265,0.0172034946611686,0
27.5510204081633,551.020408163265,0.00461289059927102,0
28.3673469387755,551.020408163265,-0.00416793082613293,0
29.1836734693878,551.020408163265,-0.0020747396144609,0
30,551.020408163265,-0.00965088747101744,0
-10,581.632653061224,-0.00223251855749899,0
-9.18367346938776,581.632653061224,0.00520420656285653,0
-8.36734693877551,581.632653061224,-0.00169029185147485,0
-7.55102040816327,581.632653061224,0.000793508037316127,0
-6.73469387755102,581.632653061224,-0.00305025741206681,0
-5.91836734693878,581.632653061224,-0.0102907251860295,0
-5.10204081632653,581.632653061224,0.0137235200164696,0
-4.28571428571429,581.632653061224,0.0206284929892685,0
-3.46938775510204,581.632653061224,0.0176557466905223,0
-2.6530612244898,581.632653061224,0.0332626758418868,0
-1.83673469387755,581.632653061224,0.0652639473116485,0
-1.02040816326531,581.632653061224,0.0636059206159962,0
-0.204081632653061,581.632653061224,0.0607424370894731,0
0.612244897959183,581.632653061224,0.0879400305391984,0
1.42857142857143,581.632653061224,0.110583949236709,0
2.24489795918367,581.632653061224,0.127550857675641,1
3.06122448979592,581.632653061224,0.176831569856613,0
3.87755102040816,581.632653061224,0.210591480418102,0
4.69387755102041,581.632653061224,0.257270505673206,0
5.51020408163265,581.632653061224,0.27591557028441,0
6.3265306122449,581.632653061224,0.34817812870273,0
7.14285714285714,581.632653061224,0.397604153515288,1
7.95918367346939,581.632653061224,0.432427322765229,0
8.77551020408163,581.632653061224,0.504565753601776,0
9.59183673469388,581.632653061224,0.532392786533636,1
10.4081632653061,581.632653061224,0.590264638426478,1
11.2244897959184,581.632653061224,0.63459188438214,1
12.0408163265306,581.632653061224,0.650009335996774,0
12.8571428571429,581.632653061224,0.709475171312916,1
13.6734693877551,581.632653061224,0.702580407399441,0
14.4897959183673,581.632653061224,0.737060572444317,1
15.3061224489796,581.632653061224,0.716936452399983,0
16.1224489795918,581.632653061224,0.709822967436838,0
16.9387755102041,581.632653061224,0.630136418584896,1
17.7551020408163,581.632653061224,0.535524878601255,0
18.5714285714286,581.632653061224,0.440459904546223,0
19.3877551020408,581.632653061224,0.333451427791355,0
20.2040816326531,581.632653061224,0.245010902616946,1
21.0204081632653,581.632653061224,0.163686134463597,0
21.8367346938776,581.632653061224,0.120514936041252,0
22.6530612244898,581.632653061224,0.0788182962771251,0
23.469387755102,581.632653061224,0.0353920039064784,0
24.2857142857143,581.632653061224,0.0210134870841884,0
25.1020408163265,581.632653061224,0.00679833081460981,0
25.9183673469388,581.632653061224,0.0132688887880267,0
26.734693877551,581.632653061224,-0.00833070419682325,0
27.5510204081633,581.632653061224,0.0105889129034392,0
28.3673469387755,581.632653061224,-0.00572290259197245,0
29.1836734693878,581.632653061224,-0.00942136463108406,0
30,581.632653061224,0.0040347987816238,0
-10,612.244897959184,0.00830187070770888,0
-9.18367346938776,612.244897959184,0.0143879234885359,0
-8.36734693877551,612.244897959184,-0.0133873843185871,0
-7.55102040816327,612.244897959184,0.0238303145966949,0
-6.73469387755102,612.244897959184,0.00585891729898171,0
-5.91836734693878,612.244897959184,-0.00166599462861433,0
-5.10204081632653,612.244897959184,0.0212745251825907,0
-4.28571428571429,612.244897959184,0.0312752636653608,0
-3.46938775510204,612.244897959184,0.0308453445119907,0
-2.6530612244898,612.244897959184,0.0306501062665868,0
-1.83673469387755,612.244897959184,0.0443576837704422,0
-1.02040816326531,612.244897959184,0.039476641340627,1
-0.204081632653061,612.244897959184,0.0645056290470423,0
0.612244897959183,612.244897959184,0.0730281540587765,0
1.42857142857143,612.244897959184,0.110363294617606,0
2.24489795918367,612.244897959184,0.144972397264722,1
3.06122448979592,612.244897959184,0.160071862031384,0
3.87755102040816,612.244897959184,0.186169157270139,0
4.69387755102041,612.244897959184,0.227573781427609,1
5.51020408163265,612.244897959184,0.290632710938034,0
6.3265306122449,612.244897959184,0.313395975572509,1
7.14285714285714,612.244897959184,0.37250152571111,0
7.95918367346939,612.244897959184,0.390958470796329,1
8.77551020408163,612.244897959184,0.469002383273136,0
9.59183673469388,612.244897959184,0.503040111406036,1
10.4081632653061,612.244897959184,0.551865033305383,0
11.2244897959184,612.244897959184,0.584780912508174,0
12.0408163265306,612.244897959184,0.634767628964341,1
12.8571428571429,612.244897959184,0.651277988748303,1
13.6734693877551,612.244897959184,0.645008217778067,1
14.4897959183673,612.244897959184,0.66124875452803,0
15.3061224489796,612.244897959184,0.677291333942386,0
16.1224489795918,612.244897959184,0.646824091429419,1
16.9387755102041,612.244897959184,0.59627770387812,1
17.7551020408163,612.244897959184,0.489652535898763,1
18.5714285714286,612.244897959184,0.414234987666298,0
19.3877551020408,612.244897959184,0.311136860553703,1
20.2040816326531,612.244897959184,0.232419150089003,1
21.0204081632653,612.244897959184,0.155932001460586,0
21.8367346938776,612.244897959184,0.11577743239499,1
22.6530612244898,612.244897959184,0.0436939028996796,0
23.469387755102,612.244897959184,0.0547923315673432,0
24.2857142857143,612.244897959184,0.0298202537341521,0
25.1020408163265,612.244897959184,0.0111134850264038,0
25.9183673469388,612.244897959184,0.00659196583361645,0
26.734693877551,612.244897959184,0.00415409167350188,0
27.5510204081633,612.244897959184,0.00973717942054659,0
28.3673469387755,612.244897959184,0.00957032184097232,0
29.1836734693878,612.244897959184,-0.00378415314108542,0
30,612.244897959184,-0.00408122388990515,0
-10,642.857142857143,-0.0200437873881912,0
-9.18367346938776,642.857142857143,0.00587156084059351,0
-8.36734693877551,642.857142857143,0.0164889213173828,0
-7.55102040816327,642.857142857143,0.0142030340062608,0
-6.73469387755102,642.857142857143,0.000559738616486129,0
-5.91836734693878,642.857142857143,-0.00706771784447736,0
-5.10204081632653,642.857142857143,0.0118334546059854,0
-4.28571428571429,642.857142857143,0.00209027226423991,0
-3.46938775510204,642.857142857143,0.0304379016514853,0
-2.6530612244898,642.857142857143,0.028010282716848,0
-1.83673469387755,642.857142857143,0.0471030806586395,0
-1.02040816326531,642.857142857143,0.0328229939396209,0
-0.204081632653061,642.857142857143,0.0627156308968626,0
0.612244897959183,642.857142857143,0.0745183772400372,0
1.42857142857143,642.857142857143,0.101412084942762,0
2.24489795918367,642.857142857143,0.119570203334361,0
3.06122448979592,642.857142857143,0.170966833514083,0
3.87755102040816,642.857142857143,0.199941755121348,0
4.69387755102041,642.857142857143,0.224361570956355,0
5.51020408163265,642.857142857143,0.272213707695768,0
6.3265306122449,642.857142857143,0.263919374127343,1
7.14285714285714,642.857142857143,0.330926105111787,0
7.95918367346939,642.857142857143,0.377508881850062,0
8.77551020408163,642.857142857143,0.434481635832334,0
9.59183673469388,642.857142857143,0.4616346529747,0
10.4081632653061,642.857142857143,0.521951803326704,0
11.2244897959184,642.857142857143,0.543651126303033,1
12.0408163265306,642.857142857143,0.570353436510555,0
12.8571428571429,642.857142857143,0.597066929820969,1
13.6734693877551,642.857142857143,0.619449512318959,1
14.4897959183673,642.857142857143,0.615728287032519,0
15.3061224489796,642.857142857143,0.609978033700202,1
16.1224489795918,642.857142857143,0.592783269166752,1
16.9387755102041,642.857142857143,0.545048048510782,0
17.7551020408163,642.857142857143,0.466528668845744,0
18.5714285714286,642.857142857143,0.370547173424506,0
19.3877551020408,642.857142857143,0.286169715145793,0
20.2040816326531,642.857142857143,0.204533531558122,1
21.0204081632653,642.857142857143,0.128295030795499,0
21.8367346938776,642.857142857143,0.0996849007852534,0
22.6530612244898,642.857142857143,0.0476921816551521,1
23.469387755102,642.857142857143,0.0282016895545762,0
24.2857142857143,642.857142857143,0.0162403625568288,0
25.1020408163265,642.857142857143,0.0222947824411291,0
25.9183673469388,642.857142857143,0.0060820813186098,0
26.734693877551,642.857142857143,-0.00420380331986492,0
27.5510204081633,642.857142857143,-0.00589205504982633,0
28.3673469387755,642.857142857143,-0.00685058481503562,0
29.1836734693878,642.857142857143,-0.0106396595585298,0
30,642.857142857143,0.00716667838424914,0
-10,673.469387755102,0.00848240324367133,0
-9.18367346938776,673.469387755102,-0.00330985559549017,0
-8.36734693877551,673.469387755102,0.0098769046181929,0
-7.55102040816327,673.469387755102,0.012010779439393,0
-6.73469387755102,673.469387755102,0.0121969979225761,0
-5.91836734693878,673.469387755102,0.0205914502788903,0
-5.10204081632653,673.469387755102,0.00351243282025037,0
-4.28571428571429,673.469387755102,0.022444602343001,0
-3.46938775510204,673.469387755102,0.0119013660887632,0
-2.6530612244898,673.469387755102,0.0390171797359396,0
-1.83673469387755,673.469387755102,0.0508435101322755,0
-1.02040816326531,673.469387755102,0.0303125901727154,0
-0.204081632653061,673.469387755102,0.0670067051526779,0
0.612244897959183,673.469387755102,0.0679878429432171,0
1.42857142857143,673.469387755102,0.0894270560794105,0
2.24489795918367,673.469387755102,0.112888173755891,0
3.06122448979592,673.469387755102,0.128808438189533,1
3.87755102040816,673.469387755102,0.165227216907393,0
4.69387755102041,673.469387755102,0.19633118388252,1
5.51020408163265,673.469387755102,0.229912286241753,0
6.3265306122449,673.469387755102,0.283768626340501,1
7.14285714285714,673.469387755102,0.315945402769576,0
7.95918367346939,673.469387755102,0.352606450240931,1
8.77551020408163,673.469387755102,0.408278989849128,0
9.59183673469388,673.469387755102,0.403351368239381,0
10.4081632653061,673.469387755102,0.465120416764067,0
11.2244897959184,673.469387755102,0.512561223356715,0
12.0408163265306,673.469387755102,0.533798734127241,0
12.8571428571429,673.469387755102,0.527395863972502,0
13.6734693877551,673.469387755102,0.568256043291454,1
14.4897959183673,673.469387755102,0.556852512335824,0
15.3061224489796,673.469387755102,0.573104608356753,0
16.1224489795918,673.469387755102,0.535532902609043,0
16.9387755102041,673.469387755102,0.506172334880362,1
17.7551020408163,673.469387755102,0.422618664497774,0
18.5714285714286,673.469387755102,0.344865217255753,1
19.3877551020408,673.469387755102,0.243324665369879,1
20.2040816326531,673.469387755102,0.196899975138234,1
21.0204081632653,673.469387755102,0.145350012327437,0
21.8367346938776,673.469387755102,0.075343893701882,0
22.6530612244898,673.469387755102,0.06272035514971,0
23.469387755102,673.469387755102,0.0371917075163734,0
24.2857142857143,673.469387755102,0.0155193816159487,0
25.1020408163265,673.469387755102,0.0183750159811988,0
25.9183673469388,673.469387755102,-0.00530496179360297,0
26.734693877551,673.469387755102,0.00254694007316536,0
27.5510204081633,673.469387755102,0.000689914779171053,0
28.3673469387755,673.469387755102,-0.00135269828130813,0
29.1836734693878,673.469387755102,0.0183377929894526,0
30,673.469387755102,-0.00272275579479136,0
-10,704.081632653061,0.00228299957957535,0
-9.18367346938776,704.081632653061,0.00447304542061902,0
-8.36734693877551,704.081632653061,-0.00424265805752118,0
-7.55102040816327,704.081632653061,0.00727502172068123,0
-6.73469387755102,704.081632653061,0.0242548118732294,0
-5.91836734693878,704.081632653061,0.00657616499070615,0
-5.10204081632653,704.081632653061,0.00233254486966285,0
-4.28571428571429,704.081632653061,0.00895646470363817,0
-3.46938775510204,704.081632653061,0.0317421255240938,0
-2.6530612244898,704.081632653061,0.0132950840265193,0
-1.83673469387755,704.081632653061,0.0452033128652891,0
-1.02040816326531,704.081632653061,0.0383681038774647,1
-0.204081632653061,704.081632653061,0.0766556567461229,0
0.612244897959183,704.081632653061,0.0513247981001399,0
1.42857142857143,704.081632653061,0.0975347123015863,0
2.24489795918367,704.081632653061,0.102784825259555,0
3.06122448979592,704.081632653061,0.13821994200648,0
3.87755102040816,704.081632653061,0.15741332396622,0
4.69387755102041,704.081632653061,0.189452217782152,0
5.51020408163265,704.081632653061,0.206271747165939,1
6.3265306122449,704.081632653061,0.233999315381128,0
7.14285714285714,704.081632653061,0.277203778240211,0
7.95918367346939,704.081632653061,0.307453516265567,0
8.77551020408163,704.081632653061,0.343256394643399,0
9.59183673469388,704.081632653061,0.396971524095633,0
10.4081632653061,704.081632653061,0.421966508644552,0
11.2244897959184,704.081632653061,0.431974448563313,1
12.0408163265306,704.081632653061,0.4710104897938,0
12.8571428571429,704.081632653061,0.504110114037419,0
13.6734693877551,704.081632653061,0.49686975606733,1
14.4897959183673,704.081632653061,0.500664682687649,0
15.3061224489796,704.081632653061,0.516783342286261,1
16.1224489795918,704.081632653061,0.493941178004903,0
16.9387755102041,704.081632653061,0.451354175404523,0
17.7551020408163,704.081632653061,0.378875390187413,0
18.5714285714286,704.081632653061,0.320828654817097,0
19.3877551020408,704.081632653061,0.24340131925889,1
20.2040816326531,704.081632653061,0.166004780002106,1
21.0204081632653,704.081632653061,0.119725182733141,1
21.8367346938776,704.081632653061,0.0912328064225934,0
22.6530612244898,704.081632653061,0.0407697085355206,0
23.469387755102,704.081632653061,0.0185479472093307,0
24.2857142857143,704.081632653061,0.0105340291709584,0
25.1020408163265,704.081632653061,-0.00130843824679396,0
25.9183673469388,704.081632653061,0.00383172895055755,0
26.734693877551,704.081632653061,0.0138049126375536,0
27.5510204081633,704.081632653061,0.0150025939361987,0
28.3673469387755,704.081632653061,-0.00854629643194454,0
29.1836734693878,704.081632653061,-0.0179562056094704,0
30,704.081632653061,-0.00244435279196991,0
-10,734.69387755102,0.00856843135198753,0
-9.18367346938776,734.69387755102,0.0112484340197878,0
-8.36734693877551,734.69387755102,0.0108774835422061,0
-7.55102040816327,734.69387755102,0.00728765289163648,0
-6.73469387755102,734.69387755102,0.00425149661461953,0
-5.91836734693878,734.69387755102,0.000907292119442978,0
-5.10204081632653,734.69387755102,0.00366496973814807,0
-4.28571428571429,734.69387755102,0.0125582749441647,0
-3.46938775510204,734.69387755102,0.0243021853262967,0
-2.6530612244898,734.69387755102,0.0216490505696112,0
-1.83673469387755,734.69387755102,0.0244064570878102,0
-1.02040816326531,734.69387755102,0.0336053950808599,0
-0.204081632653061,734.69387755102,0.032869058016972,0
0.612244897959183,734.69387755102,0.0624363545069075,0
1.42857142857143,734.69387755102,0.0869081646865861,0
2.24489795918367,734.69387755102,0.0638082772881167,0
3.06122448979592,734.69387755102,0.134803462426245,0
3.87755102040816,734.69387755102,0.153157521503256,0
4.69387755102041,734.69387755102,0.163206650521809,1
5.51020408163265,734.69387755102,0.194339055741471,0
6.3265306122449,734.69387755102,0.213239666668058,1
7.14285714285714,734.69387755102,0.252023186764123,0
7.95918367346939,734.69387755102,0.297875937574391,1
8.77551020408163,734.69387755102,0.328033050273809,1
9.59183673469388,734.69387755102,0.331859901523083,0
10.4081632653061,734.69387755102,0.360730905540116,1
11.2244897959184,734.69387755102,0.399668831790107,0
12.0408163265306,734.69387755102,0.434853788594704,0
12.8571428571429,734.69387755102,0.450312091807627,0
13.6734693877551,734.69387755102,0.467295872986409,0
14.4897959183673,734.69387755102,0.480482907438482,1
15.3061224489796,734.69387755102,0.470085944073739,1
16.1224489795918,734.69387755102,0.454347657583932,1
16.9387755102041,734.69387755102,0.418689118753538,1
17.7551020408163,734.69387755102,0.356870477368632,1
18.5714285714286,734.69387755102,0.289249517366726,0
19.3877551020408,734.69387755102,0.198512045709481,0
20.2040816326531,734.69387755102,0.168327729044501,1
21.0204081632653,734.69387755102,0.12107388415178,0
21.8367346938776,734.69387755102,0.0751885544520631,0
22.6530612244898,734.69387755102,0.0602776021208242,0
23.469387755102,734.69387755102,0.021882988909908,0
24.2857142857143,734.69387755102,-0.00727086275494157,0
25.1020408163265,734.69387755102,0.00274524341303168,0
25.9183673469388,734.69387755102,0.0026580090284588,0
26.734693877551,734.69387755102,0.0189398090800329,0
27.5510204081633,734.69387755102,-0.00638827737277118,0
28.3673469387755,734.69387755102,0.0106339146780383,0
29.1836734693878,734.69387755102,0.00831331298353,0
30,734.69387755102,0.00547817134833831,0
-10,765.30612244898,-0.00568217504788014,0
-9.18367346938776,765.30612244898,-0.00528241516171845,0
-8.36734693877551,765.30612244898,0.00881342179805147,0
-7.55102040816327,765.30612244898,0.0060104059244385,0
-6.73469387755102,765.30612244898,0.0274047343950344,0
-5.91836734693878,765.30612244898,-0.0120234781663136,0
-5.10204081632653,765.30612244898,0.00377067396232153,0
-4.28571428571429,765.30612244898,0.00980075842179268,0
-3.46938775510204,765.30612244898,-0.00660214764715953,0
-2.6530612244898,765.30612244898,0.013216471773338,0
-1.83673469387755,765.30612244898,0.00945488945788586,0
-1.02040816326531,765.30612244898,0.0445759982236142,0
-0.204081632653061,765.30612244898,0.0437315120036133,0
0.612244897959183,765.30612244898,0.0480292970755685,0
1.42857142857143,765.30612244898,0.0634974603331429,0
2.24489795918367,765.30612244898,0.0830743354170229,0
3.06122448979592,765.30612244898,0.103295766801408,0
3.87755102040816,765.30612244898,0.1197901622484,0
4.69387755102041,765.30612244898,0.133712425619982,0
5.51020408163265,765.30612244898,0.174681943589064,0
6.3265306122449,765.30612244898,0.218625304465961,0
7.14285714285714,765.30612244898,0.241913067347505,1
7.95918367346939,765.30612244898,0.240857720128713,0
8.77551020408163,765.30612244898,0.30225275099575,0
9.59183673469388,765.30612244898,0.316861609442365,0
10.4081632653061,765.30612244898,0.346119229753569,0
11.2244897959184,765.30612244898,0.372120720533864,0
12.0408163265306,765.30612244898,0.374085591634867,1
12.8571428571429,765.30612244898,0.383866533170672,0
13.6734693877551,765.30612244898,0.407262276533787,0
14.4897959183673,765.30612244898,0.404259075887794,0
15.3061224489796,765.30612244898,0.416968755465642,1
16.1224489795918,765.30612244898,0.418012110657728,1
16.9387755102041,765.30612244898,0.366996999101461,0
17.7551020408163,765.30612244898,0.297856118010753,0
18.5714285714286,765.30612244898,0.259006692268267,0
19.3877551020408,765.30612244898,0.199116926566832,0
20.2040816326531,765.30612244898,0.135802979049098,1
21.0204081632653,765.30612244898,0.0767035468474715,0
21.8367346938776,765.30612244898,0.0718303638828006,1
22.6530612244898,765.30612244898,0.032942534098268,0
23.469387755102,765.30612244898,0.0220605039317648,0
24.2857142857143,765.30612244898,0.0199833820704987,0
25.1020408163265,765.30612244898,0.0257284757308784,0
25.9183673469388,765.30612244898,-0.0156734619336746,0
26.734693877551,765.30612244898,0.008113526786217,0
27.5510204081633,765.30612244898,0.00509457568059686,0
28.3673469387755,765.30612244898,0.00962534588034005,0
29.1836734693878,765.30612244898,0.000586728521254662,0
30,765.30612244898,0.00693097224571002,0
-10,795.918367346939,-0.000472413716659583,0
-9.18367346938776,795.918367346939,-0.00142708789303289,0
-8.36734693877551,795.918367346939,-0.026309179893705,0
-7.55102040816327,795.918367346939,0.0105913822858906,0
-6.73469387755102,795.918367346939,0.0120107097555452,0
-5.91836734693878,795.918367346939,-0.00211481781014091,0
-5.10204081632653,795.918367346939,0.00649766136212468,0
-4.28571428571429,795.918367346939,0.000500832429190462,0
-3.46938775510204,795.918367346939,0.0164034239375863,0
-2.6530612244898,795.918367346939,0.0202578966152689,0
-1.83673469387755,795.918367346939,0.0252472683665102,0
-1.02040816326531,795.918367346939,0.0355215451677753,0
-0.204081632653061,795.918367346939,0.0372032396287421,0
0.612244897959183,795.918367346939,0.0524827819841093,0
1.42857142857143,795.918367346939,0.0861079498464393,1
2.24489795918367,795.918367346939,0.0762385874511636,0
3.06122448979592,795.918367346939,0.0961085733867004,0
3.87755102040816,795.918367346939,0.103842777627504,0
4.69387755102041,795.918367346939,0.127588828844643,0
5.51020408163265,795.918367346939,0.141356812238199,0
6.3265306122449,795.918367346939,0.178048399257312,1
7.14285714285714,795.918367346939,0.204909290778808,0
7.95918367346939,795.918367346939,0.209266895674042,0
8.77551020408163,795.918367346939,0.24669105892548,0
9.59183673469388,795.918367346939,0.287935485694482,0
10.4081632653061,795.918367346939,0.30344602409654,0
11.2244897959184,795.918367346939,0.321587076272636,1
12.0408163265306,795.918367346939,0.335749972398847,0
12.8571428571429,795.918367346939,0.356540954314346,1
13.6734693877551,795.918367346939,0.368277781475352,1
14.4897959183673,795.918367346939,0.382496011042675,1
15.3061224489796,795.918367346939,0.384249556476659,0
16.1224489795918,795.918367346939,0.333580182763705,1
16.9387755102041,795.918367346939,0.337844941596075,0
17.7551020408163,795.918367346939,0.257440713681701,0
18.5714285714286,795.918367346939,0.211601976198687,1
19.3877551020408,795.918367346939,0.185297720871525,0
20.2040816326531,795.918367346939,0.135751292852014,1
21.0204081632653,795.918367346939,0.0911134196738981,0
21.8367346938776,795.918367346939,0.0476988668151306,0
22.6530612244898,795.918367346939,0.0301007957413303,0
23.469387755102,795.918367346939,0.00735989934636442,0
24.2857142857143,795.918367346939,-0.00141968586092828,0
25.1020408163265,795.918367346939,0.00504043550436233,0
25.9183673469388,795.918367346939,0.000793802120804479,0
26.734693877551,795.918367346939,0.0135865303910289,0
27.5510204081633,795.918367346939,-0.0136290287816939,0
28.3673469387755,795.918367346939,0.00479111649209217,0
29.1836734693878,795.918367346939,0.00323438709026118,0
30,795.918367346939,-0.00560099635019966,0
-10,826.530612244898,-0.00915281821478157,0
-9.18367346938776,826.530612244898,-0.000444596583604641,0
-8.36734693877551,826.530612244898,0.0120571915740437,0
-7.55102040816327,826.530612244898,0.00445498974180822,0
-6.73469387755102,826.530612244898,0.00213097403638292,0
-5.91836734693878,826.530612244898,0.0110117687644829,0
-5.10204081632653,826.530612244898,0.00759967737849826,0
-4.28571428571429,826.530612244898,-0.0108212772616462,0
-3.46938775510204,826.530612244898,-0.00244136211332466,0
-2.6530612244898,826.530612244898,0.0162297920387799,0
-1.83673469387755,826.530612244898,0.013939524487466,0
-1.02040816326531,826.530612244898,0.0175852791154997,0
-0.204081632653061,826.530612244898,0.0509902163851404,0
0.612244897959183,826.530612244898,0.0382917870836564,0
1.42857142857143,826.530612244898,0.050086961982406,0
2.24489795918367,826.530612244898,0.0682474612512981,0
3.06122448979592,826.530612244898,0.08450039432679,0
3.87755102040816,826.530612244898,0.101306291357015,0
4.69387755102041,826.530612244898,0.121201699957053,0
5.51020408163265,826.530612244898,0.144111249937898,0
6.3265306122449,826.530612244898,0.161087523846127,0
7.14285714285714,826.530612244898,0.181343178902787,0
7.95918367346939,826.530612244898,0.196194184418302,0
8.77551020408163,826.530612244898,0.243545377891366,0
9.59183673469388,826.530612244898,0.235314760836837,1
10.4081632653061,826.530612244898,0.26440051101738,0
11.2244897959184,826.530612244898,0.289752109877733,0
12.0408163265306,826.530612244898,0.292112842903293,0
12.8571428571429,826.530612244898,0.320928507069251,0
13.6734693877551,826.530612244898,0.320106957586052,0
14.4897959183673,826.530612244898,0.304693668240058,0
15.3061224489796,826.530612244898,0.330273392411972,1
16.1224489795918,826.530612244898,0.323841061336257,0
16.9387755102041,826.530612244898,0.284014193693773,0
17.7551020408163,826.530612244898,0.240420863751512,0
18.5714285714286,826.530612244898,0.198016872387257,0
19.3877551020408,826.530612244898,0.165457848737325,1
20.2040816326531,826.530612244898,0.146338128535302,0
21.0204081632653,826.530612244898,0.0871458241813059,0
21.8367346938776,826.530612244898,0.0329705849726929,0
22.6530612244898,826.530612244898,0.0323614358044468,0
23.469387755102,826.530612244898,0.0153335882525919,0
24.2857142857143,826.530612244898,-0.00688834992701836,0
25.1020408163265,826.530612244898,0.00218330359951153,0
25.9183673469388,826.530612244898,0.00717289446716256,1
26.734693877551,826.530612244898,0.00843714440473939,0
27.5510204081633,826.530612244898,-0.0235688006356777,0
28.3673469387755,826.530612244898,-0.00570804296586525,0
29.1836734693878,826.530612244898,-0.0159216860838945,0
30,826.530612244898,0.00701871713775416,0
-10,857.142857142857,-0.0165026119765573,0
-9.18367346938776,857.142857142857,-0.0118860011044563,0
-8.36734693877551,857.142857142857,0.00317818518928193,0
-7.55102040816327,857.142857142857,0.00715516794570323,0
-6.73469387755102,857.142857142857,-0.000738051026925249,0
-5.91836734693878,857.142857142857,0.0195643849272153,0
-5.10204081632653,857.142857142857,0.00382932299706858,0
-4.28571428571429,857.142857142857,0.0141199623520154,0
-3.46938775510204,857.142857142857,-0.003271810237484,0
-2.6530612244898,857.142857142857,0.0132916712774471,0
-1.83673469387755,857.142857142857,0.0262239199846936,0
-1.02040816326531,857.142857142857,0.0127808393995549,0
-0.204081632653061,857.142857142857,0.0100280330667503,0
0.612244897959183,857.142857142857,0.0253321057924783,0
1.42857142857143,857.142857142857,0.017745831986789,0
2.24489795918367,857.142857142857,0.0564111133308197,0
3.06122448979592,857.142857142857,0.0786229279524597,0
3.87755102040816,857.142857142857,0.0860908693221268,0
4.69387755102041,857.142857142857,0.0879679988841992,0
5.51020408163265,857.142857142857,0.112161574256754,0
6.3265306122449,857.142857142857,0.1257442299777,0
7.14285714285714,857.142857142857,0.162912471874342,0
7.95918367346939,857.142857142857,0.19287415514028,0
8.77551020408163,857.142857142857,0.190076929470637,0
9.59183673469388,857.142857142857,0.221199925520376,0
10.4081632653061,857.142857142857,0.230425347557806,0
11.2244897959184,857.142857142857,0.254545552862099,0
12.0408163265306,857.142857142857,0.255066334308625,0
12.8571428571429,857.142857142857,0.286859521057801,0
13.6734693877551,857.142857142857,0.286846056643285,0
14.4897959183673,857.142857142857,0.27759838141553,1
15.3061224489796,857.142857142857,0.299693669692675,1
16.1224489795918,857.142857142857,0.270849059540597,0
16.9387755102041,857.142857142857,0.247464491790462,0
17.7551020408163,857.142857142857,0.217813812579027,0
18.5714285714286,857.142857142857,0.176242036672578,0
19.3877551020408,857.142857142857,0.130496095745979,0
20.2040816326531,857.142857142857,0.107411264110231,1
21.0204081632653,857.142857142857,0.0737264465589539,0
21.8367346938776,857.142857142857,0.0373142006603152,0
22.6530612244898,857.142857142857,0.0355323388304966,0
23.469387755102,857.142857142857,-0.000398857579114828,0
24.2857142857143,857.142857142857,0.00956227467632497,0
25.1020408163265,857.142857142857,0.00269696869129156,0
25.9183673469388,857.142857142857,0.00654898049593901,0
26.734693877551,857.142857142857,0.00338894705319311,0
27.5510204081633,857.142857142857,-0.0106252313684933,0
28.3673469387755,857.142857142857,0.000572893293647266,0
29.1836734693878,857.142857142857,-0.0148628950681417,0
30,857.142857142857,-0.0210043580640949,0
-10,887.755102040816,-0.00348341688731699,0
-9.18367346938776,887.755102040816,-0.0198948017484496,0
-8.36734693877551,887.755102040816,-0.00381803808310462,0
-7.55102040816327,887.755102040816,-0.0113109182017099,0
-6.73469387755102,887.755102040816,0.00666103258822438,0
-5.91836734693878,887.755102040816,0.0071532939775854,0
-5.10204081632653,887.755102040816,0.00215872361125403,0
-4.28571428571429,887.755102040816,0.0106449621513875,0
-3.46938775510204,887.755102040816,0.0253156209389137,0
-2.6530612244898,887.755102040816,0.00377562434664979,0
-1.83673469387755,887.755102040816,0.0227561441271696,0
-1.02040816326531,887.755102040816,0.0278755842455043,0
-0.204081632653061,887.755102040816,0.0199868155017614,0
0.612244897959183,887.755102040816,0.0249386872461586,0
1.42857142857143,887.755102040816,0.0252633609851371,0
2.24489795918367,887.755102040816,0.0366400296788803,0
3.06122448979592,887.755102040816,0.0504630357182218,0
3.87755102040816,887.755102040816,0.0625698425346665,0
4.69387755102041,887.755102040816,0.0740261854895942,0
5.51020408163265,887.755102040816,0.105632721581298,0
6.3265306122449,887.755102040816,0.106781889937832,0
7.14285714285714,887.755102040816,0.126523158839225,0
7.95918367346939,887.755102040816,0.174135812051879,0
8.77551020408163,887.755102040816,0.165124339842177,0
9.59183673469388,887.755102040816,0.193971254314644,0
10.4081632653061,887.755102040816,0.195088335338733,1
11.2244897959184,887.755102040816,0.218878437804705,0
12.0408163265306,887.755102040816,0.240272719911342,0
12.8571428571429,887.755102040816,0.223680772921996,0
13.6734693877551,887.755102040816,0.247811233730702,0
14.4897959183673,887.755102040816,0.234345022919318,0
15.3061224489796,887.755102040816,0.261101571156321,0
16.1224489795918,887.755102040816,0.241026130034233,0
16.9387755102041,887.755102040816,0.196045896695564,0
17.7551020408163,887.755102040816,0.193129746234693,0
18.5714285714286,887.755102040816,0.156074465085573,0
19.3877551020408,887.755102040816,0.105543367010533,0
20.2040816326531,887.755102040816,0.079185398326166,0
21.0204081632653,887.755102040816,0.0495988430583453,0
21.8367346938776,887.755102040816,0.0264141868700676,1
22.6530612244898,887.755102040816,0.0330183994667667,0
23.469387755102,887.755102040816,0.0166552247027666,0
24.2857142857143,887.755102040816,0.00594991496088662,0
25.1020408163265,887.755102040816,0.00561796407890992,0
25.9183673469388,887.755102040816,-0.0044852977752505,0
26.734693877551,887.755102040816,-0.000798218370920357,0
27.5510204081633,887.755102040816,0.0043357702653129,0
28.3673469387755,887.755102040816,0.0232075239226263,0
29.1836734693878,887.755102040816,0.00577982777106483,0
30,887.755102040816,0.00658273875856037,0
-10,918.367346938776,0.0103113623676453,0
-9.18367346938776,918.367346938776,-0.0090590780476375,0
-8.36734693877551,918.367346938776,0.0160610398626431,0
-7.55102040816327,918.367346938776,0.0155145204909367,0
-6.73469387755102,918.367346938776,-0.00970712203734417,0
-5.91836734693878,918.367346938776,-0.00168139561125118,0
-5.10204081632653,918.367346938776,0.0218116546195165,0
-4.28571428571429,918.367346938776,0.0163516980131393,0
-3.46938775510204,918.367346938776,-0.00604496438500458,0
-2.6530612244898,918.367346938776,0.000201554699556393,0
-1.83673469387755,918.367346938776,0.0131003059377228,0
-1.02040816326531,918.367346938776,0.0128029127281048,0
-0.204081632653061,918.367346938776,0.0332585219961784,0
0.612244897959183,918.367346938776,0.0432353757930145,0
1.42857142857143,918.367346938776,0.0379235006382878,0
2.24489795918367,918.367346938776,0.0483168212269205,0
3.06122448979592,918.367346938776,0.0539065092106068,0
3.87755102040816,918.367346938776,0.0634333519570784,0
4.69387755102041,918.367346938776,0.0780902505204514,0
5.51020408163265,918.367346938776,0.0758688004989269,0
6.3265306122449,918.367346938776,0.0903013186884543,0
7.14285714285714,918.367346938776,0.135752416631068,0
7.95918367346939,918.367346938776,0.141112173863231,0
8.77551020408163,918.367346938776,0.160601636258716,0
9.59183673469388,918.367346938776,0.160460941907799,1
10.4081632653061,918.367346938776,0.159303887922436,1
11.2244897959184,918.367346938776,0.168007361859571,0
12.0408163265306,918.367346938776,0.200490362627884,0
12.8571428571429,918.367346938776,0.211789838489658,1
13.6734693877551,918.367346938776,0.214636898545809,0
14.4897959183673,918.367346938776,0.206476694611307,0
15.3061224489796,918.367346938776,0.22876943775638,0
16.1224489795918,918.367346938776,0.20764782227108,1
16.9387755102041,918.367346938776,0.178921428661951,0
17.7551020408163,918.367346938776,0.166669258961874,0
18.5714285714286,918.367346938776,0.119746602601428,0
19.3877551020408,918.367346938776,0.0955903352736269,0
20.2040816326531,918.367346938776,0.0651386213581885,1
21.0204081632653,918.367346938776,0.0487415611124735,0
21.8367346938776,918.367346938776,0.0295740832945492,0
22.6530612244898,918.367346938776,0.0216569323663945,0
23.469387755102,918.367346938776,0.0105481450294313,0
24.2857142857143,918.367346938776,0.00780007647213331,0
25.1020408163265,918.367346938776,0.00296789654927971,0
25.9183673469388,918.367346938776,0.00456206396432537,0
26.734693877551,918.367346938776,0.0173748810724448,0
27.5510204081633,918.367346938776,-0.00848614639656349,0
28.3673469387755,918.367346938776,-0.00758183985259098,0
29.1836734693878,918.367346938776,-0.017198058228449,0
30,918.367346938776,-0.000897347074483881,0
-10,948.979591836735,0.00232535777981795,0
-9.18367346938776,948.979591836735,-0.00510162598562031,0
-8.36734693877551,948.979591836735,-0.0140383497300361,0
-7.55102040816327,948.979591836735,-0.0087101912323955,0
-6.73469387755102,948.979591836735,-0.000286249291715675,0
-5.91836734693878,948.979591836735,0.00735946302753755,0
-5.10204081632653,948.979591836735,0.0218480233888648,0
-4.28571428571429,948.979591836735,0.0154069151752109,0
-3.46938775510204,948.979591836735,0.0111942229286687,0
-2.6530612244898,948.979591836735,0.00484517701834248,0
-1.83673469387755,948.979591836735,0.00689541731267222,0
-1.02040816326531,948.979591836735,0.00353130508849038,0
-0.204081632653061,948.979591836735,0.00788094683695694,0
0.612244897959183,948.979591836735,0.0418991318690513,0
1.42857142857143,948.979591836735,0.00850391761257362,0
2.24489795918367,948.979591836735,0.0312052047050874,0
3.06122448979592,948.979591836735,0.0405874482523793,0
3.87755102040816,948.979591836735,0.063334958442775,0
4.69387755102041,948.979591836735,0.0744266216105877,0
5.51020408163265,948.979591836735,0.0611413790816314,0
6.3265306122449,948.979591836735,0.0798759990926475,0
7.14285714285714,948.979591836735,0.0929880926156418,1
7.95918367346939,948.979591836735,0.112724180681533,0
8.77551020408163,948.979591836735,0.125020260817729,0
9.59183673469388,948.979591836735,0.130554406885624,0
10.4081632653061,948.979591836735,0.155796069729628,0
11.2244897959184,948.979591836735,0.16351176943982,0
12.0408163265306,948.979591836735,0.16433841229975,1
12.8571428571429,948.979591836735,0.162034393835071,0
13.6734693877551,948.979591836735,0.184623051271185,0
14.4897959183673,948.979591836735,0.197359947091252,0
15.3061224489796,948.979591836735,0.191010362990772,0
16.1224489795918,948.979591836735,0.174612836716659,0
16.9387755102041,948.979591836735,0.155526402216517,0
17.7551020408163,948.979591836735,0.136022058620438,0
18.5714285714286,948.979591836735,0.0970640789218333,0
19.3877551020408,948.979591836735,0.0932193297763911,0
20.2040816326531,948.979591836735,0.0653805906991322,0
21.0204081632653,948.979591836735,0.0240797955844764,0
21.8367346938776,948.979591836735,0.028330201319346,0
22.6530612244898,948.979591836735,0.0291108685576826,0
23.469387755102,948.979591836735,0.00183060006526672,0
24.2857142857143,948.979591836735,0.0173926284648859,0
25.1020408163265,948.979591836735,-0.00562053476232657,0
25.9183673469388,948.979591836735,-0.0070543285906227,0
26.734693877551,948.979591836735,-0.00130007137412542,0
27.5510204081633,948.979591836735,0.00443569764086986,0
28.3673469387755,948.979591836735,-0.0098863939435877,0
29.1836734693878,948.979591836735,0.0124103877985162,0
30,948.979591836735,-0.0047476210895144,0
-10,979.591836734694,0.0109893972871208,0
-9.18367346938776,979.591836734694,0.00799110717721516,0
-8.36734693877551,979.591836734694,-0.0110393848516856,0
-7.55102040816327,979.591836734694,0.00372480066372348,0
-6.73469387755102,979.591836734694,0.000193841102787376,0
-5.91836734693878,979.591836734694,0.0112856061876123,0
-5.10204081632653,979.591836734694,0.0142353142432092,0
-4.28571428571429,979.591836734694,-0.0151826769547051,0
-3.46938775510204,979.591836734694,0.00609114338476542,0
-2.6530612244898,979.591836734694,0.0029231843717242,0
-1.83673469387755,979.591836734694,0.0160154202391853,0
-1.02040816326531,979.591836734694,0.0306856642725081,0
-0.204081632653061,979.591836734694,-0.00479903593211526,0
0.612244897959183,979.591836734694,0.0253897486103209,0
1.42857142857143,979.591836734694,0.0453564388729994,0
2.24489795918367,979.591836734694,0.0332245061342927,0
3.06122448979592,979.591836734694,0.0513632490764658,0
3.87755102040816,979.591836734694,0.0508184352511726,0
4.69387755102041,979.591836734694,0.0554846910772806,0
5.51020408163265,979.591836734694,0.0871228259432227,0
6.3265306122449,979.591836734694,0.076359987379828,0
7.14285714285714,979.591836734694,0.0835879715337962,1
7.95918367346939,979.591836734694,0.0948069440765029,0
8.77551020408163,979.591836734694,0.104952039998293,0
9.59183673469388,979.591836734694,0.111459150016411,0
10.4081632653061,979.591836734694,0.124128106672257,0
11.2244897959184,979.591836734694,0.14295619080824,0
12.0408163265306,979.591836734694,0.151260004932876,1
12.8571428571429,979.591836734694,0.167663321013549,1
13.6734693877551,979.591836734694,0.157058635885283,0
14.4897959183673,979.591836734694,0.159626596548331,0
15.3061224489796,979.591836734694,0.160099449722569,0
16.1224489795918,979.591836734694,0.149467228537538,0
16.9387755102041,979.591836734694,0.143398306754957,0
17.7551020408163,979.591836734694,0.109650439568661,0
18.5714285714286,979.591836734694,0.112410767652233,0
19.3877551020408,979.591836734694,0.0618007837261016,0
20.2040816326531,979.591836734694,0.0465251471230616,0
21.0204081632653,979.591836734694,0.0254737829875755,0
21.8367346938776,979.591836734694,0.011488787031774,0
22.6530612244898,979.591836734694,0.000549544965842251,0
23.469387755102,979.591836734694,0.0169351354891544,0
24.2857142857143,979.591836734694,0.0232082751645933,0
25.1020408163265,979.591836734694,0.00144470241505491,0
25.9183673469388,979.591836734694,0.00163004505935131,0
26.734693877551,979.591836734694,0.00957712545663691,0
27.5510204081633,979.591836734694,0.00863228367524249,0
28.3673469387755,979.591836734694,0.004818614141708,0
29.1836734693878,979.591836734694,-0.000767674488168995,0
30,979.591836734694,0.0150103379207567,0
-10,1010.20408163265,0.000304592774134185,0
-9.18367346938776,1010.20408163265,0.0178673438608431,0
-8.36734693877551,1010.20408163265,-0.00523566525085237,0
-7.55102040816327,1010.20408163265,0.0138309555837108,0
-6.73469387755102,1010.20408163265,-0.00884004585025206,0
-5.91836734693878,1010.20408163265,0.00322226136146544,0
-5.10204081632653,1010.20408163265,0.00211264590042094,0
-4.28571428571429,1010.20408163265,-0.011906719341703,0
-3.46938775510204,1010.20408163265,0.021381308644428,0
-2.6530612244898,1010.20408163265,0.0318674013261752,0
-1.83673469387755,1010.20408163265,0.0198565881037753,0
-1.02040816326531,1010.20408163265,0.00797205787026241,0
-0.204081632653061,1010.20408163265,0.0153007847900067,0
0.612244897959183,1010.20408163265,0.0257039343480324,0
1.42857142857143,1010.20408163265,0.0290588311938125,1
2.24489795918367,1010.20408163265,0.0378508720701782,0
3.06122448979592,1010.20408163265,0.0480172289094453,0
3.87755102040816,1010.20408163265,0.0324239484453495,0
4.69387755102041,1010.20408163265,0.0498577810294712,0
5.51020408163265,1010.20408163265,0.0554943487826618,1
6.3265306122449,1010.20408163265,0.0608411812918251,0
7.14285714285714,1010.20408163265,0.0723867741380537,0
7.95918367346939,1010.20408163265,0.0769367417945842,0
8.77551020408163,1010.20408163265,0.0781750392102385,0
9.59183673469388,1010.20408163265,0.0970254431096853,0
10.4081632653061,1010.20408163265,0.103635094956118,0
11.2244897959184,1010.20408163265,0.117384666799517,0
12.0408163265306,1010.20408163265,0.120966716512547,0
12.8571428571429,1010.20408163265,0.119965975073277,1
13.6734693877551,1010.20408163265,0.131325691222433,0
14.4897959183673,1010.20408163265,0.138944344294427,0
15.3061224489796,1010.20408163265,0.145325751565206,0
16.1224489795918,1010.20408163265,0.140556790567783,0
16.9387755102041,1010.20408163265,0.101750121583571,0
17.7551020408163,1010.20408163265,0.091736148425551,0
18.5714285714286,1010.20408163265,0.0880557252706658,0
19.3877551020408,1010.20408163265,0.0314188299506044,0
20.2040816326531,1010.20408163265,0.0312958637891144,0
21.0204081632653,1010.20408163265,0.0426095899488274,0
21.8367346938776,1010.20408163265,0.0199345985928352,0
22.6530612244898,1010.20408163265,0.0178531831017003,0
23.469387755102,1010.20408163265,0.026118796764786,0
24.2857142857143,1010.20408163265,0.00361078479440875,0
25.1020408163265,1010.20408163265,-0.0107337922172757,0
25.9183673469388,1010.20408163265,-0.013609550818496,0
26.734693877551,1010.20408163265,0.000261816539438543,0
27.5510204081633,1010.20408163265,0.00963917297849254,0
28.3673469387755,1010.20408163265,-0.00132000646524779,0
29.1836734693878,1010.20408163265,0.0117411009337028,0
30,1010.20408163265,0.0234864284681486,0
-10,1040.81632653061,0.00780354939354718,0
-9.18367346938776,1040.81632653061,0.015432684454394,0
-8.36734693877551,1040.81632653061,-0.0148756205193637,0
-7.55102040816327,1040.81632653061,-0.0159330647474324,0
-6.73469387755102,1040.81632653061,-0.00576823940056177,0
-5.91836734693878,1040.81632653061,-0.0116666491538128,0
-5.10204081632653,1040.81632653061,-0.000417607328797987,0
-4.28571428571429,1040.81632653061,0.0180980261302918,0
-3.46938775510204,1040.81632653061,-0.00243819567440705,0
-2.6530612244898,1040.81632653061,0.0108285571753422,0
-1.83673469387755,1040.81632653061,0.00436925893662984,0
-1.02040816326531,1040.81632653061,0.00600836104966935,0
-0.204081632653061,1040.81632653061,0.0126496055047781,0
0.612244897959183,1040.81632653061,0.0195605164075762,0
1.42857142857143,1040.81632653061,0.0258838129961059,0
2.24489795918367,1040.81632653061,0.0114529574791429,0
3.06122448979592,1040.81632653061,0.009448102348753,0
3.87755102040816,1040.81632653061,0.0258144788677819,0
4.69387755102041,1040.81632653061,0.0354457111474481,0
5.51020408163265,1040.81632653061,0.0387576373663086,0
6.3265306122449,1040.81632653061,0.0671547637434198,0
7.14285714285714,1040.81632653061,0.0518232646860816,0
7.95918367346939,1040.81632653061,0.0582522744398342,1
8.77551020408163,1040.81632653061,0.0625175371016719,0
9.59183673469388,1040.81632653061,0.0782336372699588,0
10.4081632653061,1040.81632653061,0.0854957772238751,0
11.2244897959184,1040.81632653061,0.102483749891711,0
12.0408163265306,1040.81632653061,0.104560697126639,0
12.8571428571429,1040.81632653061,0.104503605351311,0
13.6734693877551,1040.81632653061,0.103683030086024,0
14.4897959183673,1040.81632653061,0.0897684334056969,0
15.3061224489796,1040.81632653061,0.103001040706156,0
16.1224489795918,1040.81632653061,0.110096644597306,0
16.9387755102041,1040.81632653061,0.0813672093959534,0
17.7551020408163,1040.81632653061,0.0793426833413243,0
18.5714285714286,1040.81632653061,0.0668100485812937,0
19.3877551020408,1040.81632653061,0.0385341791601234,0
20.2040816326531,1040.81632653061,0.0265090279006827,0
21.0204081632653,1040.81632653061,0.0276325139457293,0
21.8367346938776,1040.81632653061,0.0370106788092013,0
22.6530612244898,1040.81632653061,0.0120836093763878,0
23.469387755102,1040.81632653061,-0.00594409198026415,0
24.2857142857143,1040.81632653061,0.0151257226136448,0
25.1020408163265,1040.81632653061,0.00608121300686514,0
25.9183673469388,1040.81632653061,0.00400687207474818,0
26.734693877551,1040.81632653061,0.00396191580546815,0
27.5510204081633,1040.81632653061,-0.00455730165044179,0
28.3673469387755,1040.81632653061,0.00762679553955719,0
29.1836734693878,1040.81632653061,0.0187919111729714,0
30,1040.81632653061,0.00396406488968288,0
-10,1071.42857142857,-0.00855599529731953,0
-9.18367346938776,1071.42857142857,0.0226745391454714,0
-8.36734693877551,1071.42857142857,-0.0020555317332306,0
-7.55102040816327,1071.42857142857,0.00178129051880277,0
-6.73469387755102,1071.42857142857,-0.000338958834416213,0
-5.91836734693878,1071.42857142857,-0.00627322353796653,0
-5.10204081632653,1071.42857142857,0.00525382845772305,0
-4.28571428571429,1071.42857142857,0.0106361901652505,0
-3.46938775510204,1071.42857142857,-0.00313775598790022,0
-2.6530612244898,1071.42857142857,0.00983056683847618,0
-1.83673469387755,1071.42857142857,0.0172112771494606,0
-1.02040816326531,1071.42857142857,0.0107046128080695,0
-0.204081632653061,1071.42857142857,-0.000556820067557643,0
0.612244897959183,1071.42857142857,-0.00383978183741462,0
1.42857142857143,1071.42857142857,0.0149738598315033,0
2.24489795918367,1071.42857142857,0.0278364148923605,0
3.06122448979592,1071.42857142857,0.0260331508608402,1
3.87755102040816,1071.42857142857,0.0388284603104932,0
4.69387755102041,1071.42857142857,0.023687535510241,0
5.51020408163265,1071.42857142857,0.0414776657230546,0
6.3265306122449,1071.42857142857,0.0356128010540854,0
7.14285714285714,1071.42857142857,0.0371547825922841,0
7.95918367346939,1071.42857142857,0.0657691970437886,0
8.77551020408163,1071.42857142857,0.0580287420450007,0
9.59183673469388,1071.42857142857,0.0611554118267392,0
10.4081632653061,1071.42857142857,0.0863682776671023,0
11.2244897959184,1071.42857142857,0.0862754435921411,0
12.0408163265306,1071.42857142857,0.0896418988262303,0
12.8571428571429,1071.42857142857,0.0821053426395093,0
13.6734693877551,1071.42857142857,0.0976735863330366,0
14.4897959183673,1071.42857142857,0.110486765389797,0
15.3061224489796,1071.42857142857,0.0819718075839387,0
16.1224489795918,1071.42857142857,0.0776728550515311,0
16.9387755102041,1071.42857142857,0.0811007283481592,0
17.7551020408163,1071.42857142857,0.0707095431460397,0
18.5714285714286,1071.42857142857,0.0535896177029207,0
19.3877551020408,1071.42857142857,0.0464006699586975,0
20.2040816326531,1071.42857142857,0.0362138712521122,0
21.0204081632653,1071.42857142857,0.0173822874093043,0
21.8367346938776,1071.42857142857,0.0209410688749791,0
22.6530612244898,1071.42857142857,0.0101776032303531,0
23.469387755102,1071.42857142857,0.00134179449940808,0
24.2857142857143,1071.42857142857,0.0188378110782187,0
25.1020408163265,1071.42857142857,0.0115180914199159,0
25.9183673469388,1071.42857142857,0.0134447836627658,0
26.734693877551,1071.42857142857,0.0228006166324073,0
27.5510204081633,1071.42857142857,-0.00831513374762312,0
28.3673469387755,1071.42857142857,-0.00935244727463271,0
29.1836734693878,1071.42857142857,-0.00286249000164069,0
30,1071.42857142857,-0.00986615261172681,0
-10,1102.04081632653,0.010200330901735,0
-9.18367346938776,1102.04081632653,0.00616338765625767,0
-8.36734693877551,1102.04081632653,-0.00504999106868036,0
-7.55102040816327,1102.04081632653,0.00328936612887148,0
-6.73469387755102,1102.04081632653,0.00372577539495226,0
-5.91836734693878,1102.04081632653,0.00682846682844933,0
-5.10204081632653,1102.04081632653,-0.013128535275055,0
-4.28571428571429,1102.04081632653,-0.000815970624255942,0
-3.46938775510204,1102.04081632653,0.0119976093070318,0
-2.6530612244898,1102.04081632653,0.00121160328465072,0
-1.83673469387755,1102.04081632653,-0.0107398867434526,0
-1.02040816326531,1102.04081632653,-0.00160240052979846,0
-0.204081632653061,1102.04081632653,-0.00436154953450792,0
0.612244897959183,1102.04081632653,0.0212512201543179,0
1.42857142857143,1102.04081632653,0.0108892911247186,0
2.24489795918367,1102.04081632653,0.0140279676374963,0
3.06122448979592,1102.04081632653,0.0156409783091364,0
3.87755102040816,1102.04081632653,0.00283171145038652,0
4.69387755102041,1102.04081632653,0.0175860868938833,0
5.51020408163265,1102.04081632653,0.0425688552448885,0
6.3265306122449,1102.04081632653,0.0319703252124864,0
7.14285714285714,1102.04081632653,0.0313724805613817,0
7.95918367346939,1102.04081632653,0.0312111786482033,0
8.77551020408163,1102.04081632653,0.0618687808834951,0
9.59183673469388,1102.04081632653,0.0630207257772219,0
10.4081632653061,1102.04081632653,0.0594823128981868,0
11.2244897959184,1102.04081632653,0.0615280755693728,0
12.0408163265306,1102.04081632653,0.077478283587547,1
12.8571428571429,1102.04081632653,0.0716408047313064,0
13.6734693877551,1102.04081632653,0.0728256960373995,0
14.4897959183673,1102.04081632653,0.0923924096214875,0
15.3061224489796,1102.04081632653,0.0739223642286555,0
16.1224489795918,1102.04081632653,0.0700657439867299,1
16.9387755102041,1102.04081632653,0.075023854220363,0
17.7551020408163,1102.04081632653,0.071002220391459,0
18.5714285714286,1102.04081632653,0.0506061448140698,0
19.3877551020408,1102.04081632653,0.0373794293278819,0
20.2040816326531,1102.04081632653,0.0336661805968361,0
21.0204081632653,1102.04081632653,0.0266084710836902,0
21.8367346938776,1102.04081632653,0.0210228605281383,1
22.6530612244898,1102.04081632653,-0.000418442847358673,0
23.469387755102,1102.04081632653,0.00141985285975913,0
24.2857142857143,1102.04081632653,0.000378380631265975,0
25.1020408163265,1102.04081632653,-0.00503273018681878,0
25.9183673469388,1102.04081632653,-0.00604739948122785,0
26.734693877551,1102.04081632653,-0.00582800783565464,0
27.5510204081633,1102.04081632653,-0.0109324208214117,0
28.3673469387755,1102.04081632653,-0.0181925023510035,0
29.1836734693878,1102.04081632653,-0.00549432130516123,0
30,1102.04081632653,-0.0108402996661926,0
-10,1132.65306122449,0.00572301182828046,0
-9.18367346938776,1132.65306122449,0.00970793312660822,0
-8.36734693877551,1132.65306122449,-0.00936951700978732,0
-7.55102040816327,1132.65306122449,-0.0099731536645689,0
-6.73469387755102,1132.65306122449,0.00558718203375108,0
-5.91836734693878,1132.65306122449,0.00248576665555829,0
-5.10204081632653,1132.65306122449,0.00807071043594883,0
-4.28571428571429,1132.65306122449,0.00621657627489599,0
-3.46938775510204,1132.65306122449,-0.00440643982625829,0
-2.6530612244898,1132.65306122449,0.00842241106760013,0
-1.83673469387755,1132.65306122449,0.00544921881997598,0
-1.02040816326531,1132.65306122449,0.00520770405323368,0
-0.204081632653061,1132.65306122449,-0.0217194127393616,0
0.612244897959183,1132.65306122449,-0.00854901976398822,0
1.42857142857143,1132.65306122449,0.00884567535968061,0
2.24489795918367,1132.65306122449,0.0252574449358105,0
3.06122448979592,1132.65306122449,0.00301856784347581,0
3.87755102040816,1132.65306122449,0.0366318600889593,0
4.69387755102041,1132.65306122449,0.0287989246153844,0
5.51020408163265,1132.65306122449,-0.00517187803435811,0
6.3265306122449,1132.65306122449,0.0241036657726633,0
7.14285714285714,1132.65306122449,0.0300280874460576,0
7.95918367346939,1132.65306122449,0.0404370489915923,0
8.77551020408163,1132.65306122449,0.0315035228775282,0
9.59183673469388,1132.65306122449,0.0473713028739195,0
10.4081632653061,1132.65306122449,0.0500178069254618,0
11.2244897959184,1132.65306122449,0.0526354253141864,1
12.0408163265306,1132.65306122449,0.071003416159609,0
12.8571428571429,1132.65306122449,0.0628883787831145,0
13.6734693877551,1132.65306122449,0.0531335958904561,0
14.4897959183673,1132.65306122449,0.0574198178335094,0
15.3061224489796,1132.65306122449,0.053334058234872,0
16.1224489795918,1132.65306122449,0.0663597718555132,0
16.9387755102041,1132.65306122449,0.0394082833439497,0
17.7551020408163,1132.65306122449,0.0456658546567726,0
18.5714285714286,1132.65306122449,0.035577844157219,0
19.3877551020408,1132.65306122449,0.0483826771523052,0
20.2040816326531,1132.65306122449,0.00910087217066437,0
21.0204081632653,1132.65306122449,-0.0108965009055862,0
21.8367346938776,1132.65306122449,-0.00395567140059479,0
22.6530612244898,1132.65306122449,0.00872473658038773,0
23.469387755102,1132.65306122449,-0.00367064340618767,0
24.2857142857143,1132.65306122449,-0.0226019363332321,0
25.1020408163265,1132.65306122449,0.00176449435367401,0
25.9183673469388,1132.65306122449,0.0175391018952403,0
26.734693877551,1132.65306122449,0.0215689469904864,0
27.5510204081633,1132.65306122449,-0.00331356392818677,0
28.3673469387755,1132.65306122449,0.00711287496545928,0
29.1836734693878,1132.65306122449,-0.0193987740402909,0
30,1132.65306122449,0.00126076971618784,0
-10,1163.26530612245,-0.0062177576125098,0
-9.18367346938776,1163.26530612245,0.00375502073139853,0
-8.36734693877551,1163.26530612245,-0.0109429210403287,0
-7.55102040816327,1163.26530612245,0.00160897767723229,0
-6.73469387755102,1163.26530612245,0.0153671670220837,0
-5.91836734693878,1163.26530612245,0.00246995795368829,0
-5.10204081632653,1163.26530612245,-0.00969275209607009,0
-4.28571428571429,1163.26530612245,0.000594160505022064,0
-3.46938775510204,1163.26530612245,-0.00117895071146256,0
-2.6530612244898,1163.26530612245,-0.00730088057754405,0
-1.83673469387755,1163.26530612245,-0.00474879518695605,0
-1.02040816326531,1163.26530612245,0.00179913082531131,0
-0.204081632653061,1163.26530612245,0.0242206241977301,0
0.612244897959183,1163.26530612245,-0.00335773134223191,0
1.42857142857143,1163.26530612245,0.0162883943451185,0
2.24489795918367,1163.26530612245,0.00657788130123615,0
3.06122448979592,1163.26530612245,0.00887683202507799,0
3.87755102040816,1163.26530612245,0.00530268379862936,0
4.69387755102041,1163.26530612245,0.0302032447337152,0
5.51020408163265,1163.26530612245,0.0214064589474396,0
6.3265306122449,1163.26530612245,0.0301246921628112,0
7.14285714285714,1163.26530612245,0.00594153090315335,0
7.95918367346939,1163.26530612245,0.0250006422553959,0
8.77551020408163,1163.26530612245,0.0390077091756431,0
9.59183673469388,1163.26530612245,0.0256192620332691,0
10.4081632653061,1163.26530612245,0.0553678259207026,0
11.2244897959184,1163.26530612245,0.0393142437717849,0
12.0408163265306,1163.26530612245,0.0207595860506559,1
12.8571428571429,1163.26530612245,0.0450851504335616,0
13.6734693877551,1163.26530612245,0.043719057129344,0
14.4897959183673,1163.26530612245,0.0491612494503524,0
15.3061224489796,1163.26530612245,0.0637607164292807,0
16.1224489795918,1163.26530612245,0.0485791211543966,0
16.9387755102041,1163.26530612245,0.040084899313211,0
17.7551020408163,1163.26530612245,0.0401967818927523,0
18.5714285714286,1163.26530612245,0.0335355325447332,0
19.3877551020408,1163.26530612245,0.0374325336508764,0
20.2040816326531,1163.26530612245,0.0117427860457907,0
21.0204081632653,1163.26530612245,0.00834964736914765,0
21.8367346938776,1163.26530612245,0.0255119933043597,0
22.6530612244898,1163.26530612245,0.0192938929619353,0
23.469387755102,1163.26530612245,0.0275729991379567,0
24.2857142857143,1163.26530612245,-0.00175208090880915,0
25.1020408163265,1163.26530612245,-0.00984096054493676,0
25.9183673469388,1163.26530612245,0.00263656816278579,0
26.734693877551,1163.26530612245,-0.00408318812836905,0
27.5510204081633,1163.26530612245,-0.00673732135103497,0
28.3673469387755,1163.26530612245,-0.0079904482915087,0
29.1836734693878,1163.26530612245,0.0037970457785373,0
30,1163.26530612245,-0.00871462878173478,0
-10,1193.87755102041,-0.00347013046769566,0
-9.18367346938776,1193.87755102041,-0.0163210934664262,0
-8.36734693877551,1193.87755102041,0.0212798953044944,0
-7.55102040816327,1193.87755102041,0.00453567534382523,0
-6.73469387755102,1193.87755102041,0.00687761072219437,0
-5.91836734693878,1193.87755102041,0.000141315665932542,0
-5.10204081632653,1193.87755102041,-0.00274824063471213,0
-4.28571428571429,1193.87755102041,0.0159388655016949,0
-3.46938775510204,1193.87755102041,8.50546171660179e-05,0
-2.6530612244898,1193.87755102041,0.00299865586213792,0
-1.83673469387755,1193.87755102041,-0.00325451693790427,0
-1.02040816326531,1193.87755102041,0.00111030342200823,0
-0.204081632653061,1193.87755102041,0.00327795481583601,0
0.612244897959183,1193.87755102041,-0.00162905563671018,0
1.42857142857143,1193.87755102041,0.019719514269496,0
2.24489795918367,1193.87755102041,0.00770107276575275,0
3.06122448979592,1193.87755102041,0.00439229555557777,0
3.87755102040816,1193.87755102041,0.00836538446137179,0
4.69387755102041,1193.87755102041,0.0126497300205608,0
5.51020408163265,1193.87755102041,0.0111548898023213,0
6.3265306122449,1193.87755102041,0.0238231182615043,0
7.14285714285714,1193.87755102041,0.0277891904776823,0
7.95918367346939,1193.87755102041,0.0273827086723386,0
8.77551020408163,1193.87755102041,0.0270000089904909,0
9.59183673469388,1193.87755102041,0.0364731750612741,0
10.4081632653061,1193.87755102041,0.0546619143957619,0
11.2244897959184,1193.87755102041,0.0374037965488479,0
12.0408163265306,1193.87755102041,0.0311157010288306,0
12.8571428571429,1193.87755102041,0.0246894047665577,0
13.6734693877551,1193.87755102041,0.0429636462406198,0
14.4897959183673,1193.87755102041,0.0481919870186616,0
15.3061224489796,1193.87755102041,0.0438630181657797,0
16.1224489795918,1193.87755102041,0.0485263435564777,0
16.9387755102041,1193.87755102041,0.03833510578826,0
17.7551020408163,1193.87755102041,0.0360492627416463,0
18.5714285714286,1193.87755102041,0.02103973801421,0
19.3877551020408,1193.87755102041,0.0263965915445241,0
20.2040816326531,1193.87755102041,0.0129271796262887,1
21.0204081632653,1193.87755102041,0.0161305620371595,0
21.8367346938776,1193.87755102041,0.0155618155944883,0
22.6530612244898,1193.87755102041,-0.00597841059811178,0
23.469387755102,1193.87755102041,0.00103704310707348,0
24.2857142857143,1193.87755102041,-0.00714955364203479,0
25.1020408163265,1193.87755102041,-0.0123136639138507,0
25.9183673469388,1193.87755102041,0.0128460517693614,0
26.734693877551,1193.87755102041,0.00646351283184331,0
27.5510204081633,1193.87755102041,-0.00414603470479544,0
28.3673469387755,1193.87755102041,0.00707871500986101,0
29.1836734693878,1193.87755102041,-0.00377694064089697,0
30,1193.87755102041,-0.00966823204302012,0
-10,1224.48979591837,-0.00939486318790852,0
-9.18367346938776,1224.48979591837,-0.00711178010771454,0
-8.36734693877551,1224.48979591837,-0.00457067080333759,0
-7.55102040816327,1224.48979591837,0.00670160695761747,0
-6.73469387755102,1224.48979591837,-0.0149231569998944,0
-5.91836734693878,1224.48979591837,0.00618032608730955,0
-5.10204081632653,1224.48979591837,-0.00278801796121474,0
-4.28571428571429,1224.48979591837,0.00803010182897928,0
-3.46938775510204,1224.48979591837,0.0042779534722391,0
-2.6530612244898,1224.48979591837,0.00390591324390392,0
-1.83673469387755,1224.48979591837,-0.00279345795930417,0
-1.02040816326531,1224.48979591837,-0.00856124689298626,0
-0.204081632653061,1224.48979591837,0.00108091309354281,0
0.612244897959183,1224.48979591837,0.00623866763209496,0
1.42857142857143,1224.48979591837,0.00944185293542797,0
2.24489795918367,1224.48979591837,0.0347703007082571,0
3.06122448979592,1224.48979591837,0.0207420341248845,0
3.87755102040816,1224.48979591837,0.0130736151893605,0
4.69387755102041,1224.48979591837,0.00868685313013268,0
5.51020408163265,1224.48979591837,0.000739955883075322,0
6.3265306122449,1224.48979591837,0.0135578091978782,0
7.14285714285714,1224.48979591837,-0.0114299170707011,0
7.95918367346939,1224.48979591837,0.0209733915116472,0
8.77551020408163,1224.48979591837,0.025088493986009,0
9.59183673469388,1224.48979591837,0.0398904332035524,0
10.4081632653061,1224.48979591837,0.027282627843002,0
11.2244897959184,1224.48979591837,0.0348728033616885,0
12.0408163265306,1224.48979591837,0.0283978066875577,0
12.8571428571429,1224.48979591837,0.0301693941109559,0
13.6734693877551,1224.48979591837,0.0328829780648746,0
14.4897959183673,1224.48979591837,0.0218186904764552,0
15.3061224489796,1224.48979591837,0.0462643690981439,0
16.1224489795918,1224.48979591837,0.0430803469674336,0
16.9387755102041,1224.48979591837,0.031008602821793,0
17.7551020408163,1224.48979591837,0.0424741731846449,0
18.5714285714286,1224.48979591837,0.0166787432920027,0
19.3877551020408,1224.48979591837,0.00684298392424005,0
20.2040816326531,1224.48979591837,0.00394874330095211,0
21.0204081632653,1224.48979591837,0.0139404527484551,0
21.8367346938776,1224.48979591837,0.0164749399524319,0
22.6530612244898,1224.48979591837,-0.00895622714342453,0
23.469387755102,1224.48979591837,0.0052474407723709,0
24.2857142857143,1224.48979591837,-0.00768352075473195,0
25.1020408163265,1224.48979591837,-0.0016705656616147,0
25.9183673469388,1224.48979591837,0.00317283298082401,0
26.734693877551,1224.48979591837,-0.0114303412732854,0
27.5510204081633,1224.48979591837,0.00215012158902203,0
28.3673469387755,1224.48979591837,0.00715269545624554,0
29.1836734693878,1224.48979591837,0.00289641059592922,0
30,1224.48979591837,-0.00956413627357723,0
-10,1255.10204081633,0.00536131564871848,0
-9.18367346938776,1255.10204081633,0.0115584096025104,0
-8.36734693877551,1255.10204081633,0.00176196070372456,0
-7.55102040816327,1255.10204081633,0.0089829317672754,0
-6.73469387755102,1255.10204081633,0.0130904508226252,0
-5.91836734693878,1255.10204081633,0.0257062243678503,0
-5.10204081632653,1255.10204081633,-0.00496698306993257,0
-4.28571428571429,1255.10204081633,0.0204237756392597,0
-3.46938775510204,1255.10204081633,0.00328138407106959,0
-2.6530612244898,1255.10204081633,-0.00665666811535278,0
-1.83673469387755,1255.10204081633,0.00128286836118939,0
-1.02040816326531,1255.10204081633,0.00737358493117342,0
-0.204081632653061,1255.10204081633,-0.00087275920124447,0
0.612244897959183,1255.10204081633,-0.00103674907347986,0
1.42857142857143,1255.10204081633,0.0179326644144662,0
2.24489795918367,1255.10204081633,0.00785021637895792,0
3.06122448979592,1255.10204081633,0.0260173489887911,0
3.87755102040816,1255.10204081633,0.0160843979072961,0
4.69387755102041,1255.10204081633,0.0036383235591999,0
5.51020408163265,1255.10204081633,0.00757732308593622,0
6.3265306122449,1255.10204081633,0.00817657387617882,0
7.14285714285714,1255.10204081633,0.0161457980675846,0
7.95918367346939,1255.10204081633,0.00645539932625784,0
8.77551020408163,1255.10204081633,0.0275592800987168,0
9.59183673469388,1255.10204081633,0.0356755447400294,0
10.4081632653061,1255.10204081633,0.0120327661329521,0
11.2244897959184,1255.10204081633,0.0386428649062316,0
12.0408163265306,1255.10204081633,0.0216884120573857,0
12.8571428571429,1255.10204081633,0.0188666180131239,0
13.6734693877551,1255.10204081633,0.0143707701518558,0
14.4897959183673,1255.10204081633,0.0257234429394908,0
15.3061224489796,1255.10204081633,0.00669602324397583,0
16.1224489795918,1255.10204081633,0.0229724672507074,0
16.9387755102041,1255.10204081633,0.0127350553108604,0
17.7551020408163,1255.10204081633,0.021089662381581,0
18.5714285714286,1255.10204081633,0.0273921590947124,0
19.3877551020408,1255.10204081633,0.025749097676177,0
20.2040816326531,1255.10204081633,0.0166245674744998,0
21.0204081632653,1255.10204081633,-0.0194887694486054,0
21.8367346938776,1255.10204081633,-0.00108050857651528,0
22.6530612244898,1255.10204081633,-0.0110818609868899,0
23.469387755102,1255.10204081633,-0.0168711348774346,0
24.2857142857143,1255.10204081633,0.007800070898206,0
25.1020408163265,1255.10204081633,0.0119958451313535,0
25.9183673469388,1255.10204081633,-0.00448876472983893,0
26.734693877551,1255.10204081633,0.0153942838277711,0
27.5510204081633,1255.10204081633,0.0201550163626219,0
28.3673469387755,1255.10204081633,0.0135462966608,0
29.1836734693878,1255.10204081633,0.0111856887883039,0
30,1255.10204081633,-0.00244329825109233,0
-10,1285.71428571429,0.00732834954989957,0
-9.18367346938776,1285.71428571429,0.00154425595859243,0
-8.36734693877551,1285.71428571429,-0.00114850894351026,0
-7.55102040816327,1285.71428571429,-0.00019879632957729,0
-6.73469387755102,1285.71428571429,-0.00455115360675053,0
-5.91836734693878,1285.71428571429,-0.00289030151443566,0
-5.10204081632653,1285.71428571429,-0.00128032433543781,0
-4.28571428571429,1285.71428571429,0.0133253679548819,0
-3.46938775510204,1285.71428571429,-0.00921515882039958,0
-2.6530612244898,1285.71428571429,0.00806281323781896,1
-1.83673469387755,1285.71428571429,0.0130790000888293,0
-1.02040816326531,1285.71428571429,0.000351173805849407,0
-0.204081632653061,1285.71428571429,0.0166312685999918,0
0.612244897959183,1285.71428571429,0.000396287777100422,0
1.42857142857143,1285.71428571429,0.00499636816304363,0
2.24489795918367,1285.71428571429,-0.0122210958761998,0
3.06122448979592,1285.71428571429,-0.000351113412687412,0
3.87755102040816,1285.71428571429,-0.00779486501062506,0
4.69387755102041,1285.71428571429,0.0051218091647733,0
5.51020408163265,1285.71428571429,0.00972430747368131,0
6.3265306122449,1285.71428571429,0.00709071696793595,0
7.14285714285714,1285.71428571429,0.0117030689166463,0
7.95918367346939,1285.71428571429,0.0287477383262144,0
8.77551020408163,1285.71428571429,0.000102969278209882,0
9.59183673469388,1285.71428571429,0.00685271862677645,0
10.4081632653061,1285.71428571429,0.00676531557804475,0
11.2244897959184,1285.71428571429,0.0256872294752589,0
12.0408163265306,1285.71428571429,0.0338539236532825,0
12.8571428571429,1285.71428571429,0.0121945760102359,0
13.6734693877551,1285.71428571429,0.0129765266657736,0
14.4897959183673,1285.71428571429,0.0239005374731245,0
15.3061224489796,1285.71428571429,0.016031007876688,0
16.1224489795918,1285.71428571429,0.0288493851211734,0
16.9387755102041,1285.71428571429,0.00104162560519674,0
17.7551020408163,1285.71428571429,0.0112824617759102,0
18.5714285714286,1285.71428571429,0.0150772424482931,0
19.3877551020408,1285.71428571429,0.0227176614682268,1
20.2040816326531,1285.71428571429,0.000293833751552006,0
21.0204081632653,1285.71428571429,0.00203553648170587,0
21.8367346938776,1285.71428571429,-0.00733133310832947,0
22.6530612244898,1285.71428571429,-0.0254752556861125,0
23.469387755102,1285.71428571429,0.0163066219909605,0
24.2857142857143,1285.71428571429,-0.00407793106084556,0
25.1020408163265,1285.71428571429,0.0113465438218695,0
25.9183673469388,1285.71428571429,0.0208665011981916,0
26.734693877551,1285.71428571429,-0.0011695596376075,0
27.5510204081633,1285.71428571429,-0.000542860400579914,0
28.3673469387755,1285.71428571429,-0.00578418327932147,0
29.1836734693878,1285.71428571429,-0.00556835618944893,0
30,1285.71428571429,0.0088911179613973,0
-10,1316.32653061224,-0.0082413594737706,0
-9.18367346938776,1316.32653061224,0.0109607181370949,0
-8.36734693877551,1316.32653061224,0.00620332086954788,0
-7.55102040816327,1316.32653061224,-0.0218415117701317,0
-6.73469387755102,1316.32653061224,-0.0125709111534784,0
-5.91836734693878,1316.32653061224,0.0223475474788555,0
-5.10204081632653,1316.32653061224,-0.00154471796022754,0
-4.28571428571429,1316.32653061224,-0.0110055163908341,0
-3.46938775510204,1316.32653061224,0.0147483143135321,0
-2.6530612244898,1316.32653061224,0.00857719256167699,0
-1.83673469387755,1316.32653061224,-0.00890766993625181,0
-1.02040816326531,1316.32653061224,-0.00516551677170797,0
-0.204081632653061,1316.32653061224,0.019834286645101,0
0.612244897959183,1316.32653061224,0.00306700222307608,0
1.42857142857143,1316.32653061224,-0.0174271162779604,0
2.24489795918367,1316.32653061224,0.0212532243219357,0
3.06122448979592,1316.32653061224,-0.000288011941611064,0
3.87755102040816,1316.32653061224,0.00173918867359109,0
4.69387755102041,1316.32653061224,0.0132554710793694,0
5.51020408163265,1316.32653061224,0.00285423789927203,0
6.3265306122449,1316.32653061224,0.011225579198561,0
7.14285714285714,1316.32653061224,0.011100371992698,0
7.95918367346939,1316.32653061224,-0.000653871942087977,0
8.77551020408163,1316.32653061224,0.0238663144229628,0
9.59183673469388,1316.32653061224,0.00691327679942168,0
10.4081632653061,1316.32653061224,0.0121409729503881,0
11.2244897959184,1316.32653061224,0.00393209564278787,0
12.0408163265306,1316.32653061224,0.0230550482219813,0
12.8571428571429,1316.32653061224,0.0277016938240262,0
13.6734693877551,1316.32653061224,0.0098402498618777,0
14.4897959183673,1316.32653061224,0.0106411396354006,0
15.3061224489796,1316.32653061224,0.0225614583951885,0
16.1224489795918,1316.32653061224,0.0133490133713149,0
16.9387755102041,1316.32653061224,-0.00420842107767177,0
17.7551020408163,1316.32653061224,0.022986162676291,0
18.5714285714286,1316.32653061224,0.00762886471155089,0
19.3877551020408,1316.32653061224,0.0151235475965549,0
20.2040816326531,1316.32653061224,0.0116959879684417,0
21.0204081632653,1316.32653061224,0.0119754871292213,0
21.8367346938776,1316.32653061224,0.000835920495603911,0
22.6530612244898,1316.32653061224,-0.00577382766293762,0
23.469387755102,1316.32653061224,-0.00902927062061035,0
24.2857142857143,1316.32653061224,-0.00156900833300703,0
25.1020408163265,1316.32653061224,0.0244101587833153,0
25.9183673469388,1316.32653061224,0.010380818021917,0
26.734693877551,1316.32653061224,-0.00333854348378808,0
27.5510204081633,1316.32653061224,-0.0036916844521944,0
28.3673469387755,1316.32653061224,-0.0151980107320982,0
29.1836734693878,1316.32653061224,-0.0064196882900874,0
30,1316.32653061224,0.0155170523628438,0
-10,1346.9387755102,-0.0246564376500395,0
-9.18367346938776,1346.9387755102,-0.00437954947578826,0
-8.36734693877551,1346.9387755102,-0.0074529553582937,0
-7.55102040816327,1346.9387755102,-0.00292770506962979,0
-6.73469387755102,1346.9387755102,-0.00181855900717328,0
-5.91836734693878,1346.9387755102,-0.00404771957654398,0
-5.10204081632653,1346.9387755102,0.0066514046199803,0
-4.28571428571429,1346.9387755102,-0.0136843923191421,0
-3.46938775510204,1346.9387755102,0.0110027940204475,0
-2.6530612244898,1346.9387755102,-0.00468130952615107,0
-1.83673469387755,1346.9387755102,-0.0076321987782518,0
-1.02040816326531,1346.9387755102,-0.0144732141371494,0
-0.204081632653061,1346.9387755102,0.00368577142656896,0
0.612244897959183,1346.9387755102,-0.0150231165576802,0
1.42857142857143,1346.9387755102,-0.00197166300314589,0
2.24489795918367,1346.9387755102,0.0115254161388368,0
3.06122448979592,1346.9387755102,-0.0001452119090997,0
3.87755102040816,1346.9387755102,0.00662048895275592,0
4.69387755102041,1346.9387755102,-0.00513503033016376,0
5.51020408163265,1346.9387755102,-0.00799993806480151,0
6.3265306122449,1346.9387755102,0.00650811210924022,1
7.14285714285714,1346.9387755102,0.000572015982039071,0
7.95918367346939,1346.9387755102,0.00736793405667467,0
8.77551020408163,1346.9387755102,-0.00437771424406336,0
9.59183673469388,1346.9387755102,0.00561025882806337,0
10.4081632653061,1346.9387755102,-0.0047722929925066,0
11.2244897959184,1346.9387755102,-0.0034093485563465,0
12.0408163265306,1346.9387755102,0.0193430070035952,0
12.8571428571429,1346.9387755102,0.0126168585250698,0
13.6734693877551,1346.9387755102,0.0145206786072139,0
14.4897959183673,1346.9387755102,0.0098954907907797,0
15.3061224489796,1346.9387755102,0.0120817959261961,0
16.1224489795918,1346.9387755102,0.0129730190694451,0
16.9387755102041,1346.9387755102,0.0291516670445232,0
17.7551020408163,1346.9387755102,0.0187073299707431,0
18.5714285714286,1346.9387755102,0.0129019363912446,0
19.3877551020408,1346.9387755102,-0.0138816540592202,0
20.2040816326531,1346.9387755102,0.00327536144079824,0
21.0204081632653,1346.9387755102,0.0083461299087383,0
21.8367346938776,1346.9387755102,-0.000468312454517305,0
22.6530612244898,1346.9387755102,0.00600078216281277,0
23.469387755102,1346.9387755102,-0.00140077455701193,0
24.2857142857143,1346.9387755102,0.00534244358241879,0
25.1020408163265,1346.9387755102,-0.00196221026877491,0
25.9183673469388,1346.9387755102,0.00347223902462118,0
26.734693877551,1346.9387755102,-0.00458333664983268,0
27.5510204081633,1346.9387755102,-0.00136734913291304,0
28.3673469387755,1346.9387755102,0.00381993035800462,0
29.1836734693878,1346.9387755102,-0.0228929984952822,0
30,1346.9387755102,0.00207487526288497,0
-10,1377.55102040816,0.000165055989183997,0
-9.18367346938776,1377.55102040816,0.00862184670911345,0
-8.36734693877551,1377.55102040816,-0.00779144867099209,0
-7.55102040816327,1377.55102040816,-0.00338780246892906,0
-6.73469387755102,1377.55102040816,0.0290732532003303,0
-5.91836734693878,1377.55102040816,0.00886660017387582,0
-5.10204081632653,1377.55102040816,-0.0103597648752448,0
-4.28571428571429,1377.55102040816,0.00162353287113193,0
-3.46938775510204,1377.55102040816,-0.0160649300560147,0
-2.6530612244898,1377.55102040816,0.00601615562009883,0
-1.83673469387755,1377.55102040816,-0.0184405086837149,0
-1.02040816326531,1377.55102040816,-0.00127292324608878,0
-0.204081632653061,1377.55102040816,-0.0050001011032632,0
0.612244897959183,1377.55102040816,-0.00611789206689074,0
1.42857142857143,1377.55102040816,-0.00672144434108747,0
2.24489795918367,1377.55102040816,-0.000469229074434641,0
3.06122448979592,1377.55102040816,0.0120043307910738,0
3.87755102040816,1377.55102040816,0.00169080754861264,0
4.69387755102041,1377.55102040816,0.0118960708056425,0
5.51020408163265,1377.55102040816,0.0070623978364639,0
6.3265306122449,1377.55102040816,0.0175024733278347,0
7.14285714285714,1377.55102040816,0.0153375277392464,0
7.95918367346939,1377.55102040816,-0.0236199126515444,0
8.77551020408163,1377.55102040816,0.00902786103045076,0
9.59183673469388,1377.55102040816,0.013958527271096,0
10.4081632653061,1377.55102040816,0.0244689440164521,0
11.2244897959184,1377.55102040816,0.0168585345449687,0
12.0408163265306,1377.55102040816,0.0265894891031248,0
12.8571428571429,1377.55102040816,0.00516313699441926,0
13.6734693877551,1377.55102040816,0.0200992242197939,0
14.4897959183673,1377.55102040816,0.0254106084965576,0
15.3061224489796,1377.55102040816,0.0113679164402228,0
16.1224489795918,1377.55102040816,-0.0022761778741528,0
16.9387755102041,1377.55102040816,0.00120765042532711,0
17.7551020408163,1377.55102040816,0.0162288740481506,0
18.5714285714286,1377.55102040816,-0.00265875618009399,0
19.3877551020408,1377.55102040816,0.000190957454478596,0
20.2040816326531,1377.55102040816,0.0115917188551103,0
21.0204081632653,1377.55102040816,-0.00361821862279954,0
21.8367346938776,1377.55102040816,0.00580206916748641,0
22.6530612244898,1377.55102040816,-0.0094103866868568,0
23.469387755102,1377.55102040816,-0.00827277921126018,0
24.2857142857143,1377.55102040816,-0.00318016343210376,0
25.1020408163265,1377.55102040816,-0.00818512712647995,0
25.9183673469388,1377.55102040816,-0.0075452736113638,0
26.734693877551,1377.55102040816,-0.00816995616119686,0
27.5510204081633,1377.55102040816,-0.0134741110209839,0
28.3673469387755,1377.55102040816,0.0170663077599604,0
29.1836734693878,1377.55102040816,-0.0174474591940608,0
30,1377.55102040816,-0.00685602615277442,0
-10,1408.16326530612,-0.0161442330892371,0
-9.18367346938776,1408.16326530612,0.011018414587418,0
-8.36734693877551,1408.16326530612,-0.00257542197186441,0
-7.55102040816327,1408.16326530612,0.0114540965552166,0
-6.73469387755102,1408.16326530612,-0.00214979455215378,0
-5.91836734693878,1408.16326530612,-0.00275783822250908,0
-5.10204081632653,1408.16326530612,0.0120710082345622,0
-4.28571428571429,1408.16326530612,-0.00270416497227583,0
-3.46938775510204,1408.16326530612,-0.0035550636910524,0
-2.6530612244898,1408.16326530612,-0.0150351696256178,0
-1.83673469387755,1408.16326530612,-0.0019236309770519,0
-1.02040816326531,1408.16326530612,0.0144828815466423,0
-0.204081632653061,1408.16326530612,0.0111287324678266,0
0.612244897959183,1408.16326530612,-0.0236462809928849,0
1.42857142857143,1408.16326530612,0.00459997426278321,0
2.24489795918367,1408.16326530612,0.00558674111803996,0
3.06122448979592,1408.16326530612,-0.000210935082730209,0
3.87755102040816,1408.16326530612,-0.00757847463621479,0
4.69387755102041,1408.16326530612,0.00256930580376971,0
5.51020408163265,1408.16326530612,0.019490537868615,0
6.3265306122449,1408.16326530612,-0.0106255849854834,0
7.14285714285714,1408.16326530612,-0.00337983875955917,0
7.95918367346939,1408.16326530612,0.00685589072669996,0
8.77551020408163,1408.16326530612,0.0124809653894007,0
9.59183673469388,1408.16326530612,0.0188327459793749,0
10.4081632653061,1408.16326530612,0.0224838306201101,0
11.2244897959184,1408.16326530612,0.000630792863943828,0
12.0408163265306,1408.16326530612,0.000118388607089628,0
12.8571428571429,1408.16326530612,0.0188469179530754,0
13.6734693877551,1408.16326530612,0.00752969020942971,0
14.4897959183673,1408.16326530612,0.000275587818227826,0
15.3061224489796,1408.16326530612,0.00152480346949736,0
16.1224489795918,1408.16326530612,0.00131925033673052,0
16.9387755102041,1408.16326530612,-0.00494593962408675,0
17.7551020408163,1408.16326530612,-0.00499328917187538,0
18.5714285714286,1408.16326530612,0.00970553112026722,0
19.3877551020408,1408.16326530612,-0.0127174326158478,0
20.2040816326531,1408.16326530612,0.000451804680084014,0
21.0204081632653,1408.16326530612,-0.00203943519665295,0
21.8367346938776,1408.16326530612,-0.00850219667715619,0
22.6530612244898,1408.16326530612,0.00575409287243806,0
23.469387755102,1408.16326530612,0.000813161765892891,0
24.2857142857143,1408.16326530612,-0.00343522735081963,0
25.1020408163265,1408.16326530612,0.00322317165933696,0
25.9183673469388,1408.16326530612,0.00647385847466715,0
26.734693877551,1408.16326530612,-0.00180761356749445,0
27.5510204081633,1408.16326530612,0.00400760426291281,0
28.3673469387755,1408.16326530612,0.0049007548218908,0
29.1836734693878,1408.16326530612,-0.00383546840705753,0
30,1408.16326530612,0.0143990245500148,0
-10,1438.77551020408,0.0169100623703464,0
-9.18367346938776,1438.77551020408,-0.0147312145677407,0
-8.36734693877551,1438.77551020408,-0.00262709308229462,0
-7.55102040816327,1438.77551020408,0.00536051505476683,0
-6.73469387755102,1438.77551020408,0.000329659142241755,0
-5.91836734693878,1438.77551020408,0.0169355766920956,0
-5.10204081632653,1438.77551020408,0.00869324306119447,0
-4.28571428571429,1438.77551020408,-0.00618958532490125,0
-3.46938775510204,1438.77551020408,-0.00865096696879009,0
-2.6530612244898,1438.77551020408,-2.43584012727094e-05,0
-1.83673469387755,1438.77551020408,-0.0144678897814613,0
-1.02040816326531,1438.77551020408,0.000623273709863405,0
-0.204081632653061,1438.77551020408,-0.0150223338288278,0
0.612244897959183,1438.77551020408,-0.00550186613660876,0
1.42857142857143,1438.77551020408,0.0050882569858132,0
2.24489795918367,1438.77551020408,0.00354015991319629,0
3.06122448979592,1438.77551020408,0.00614955281396915,0
3.87755102040816,1438.77551020408,-0.0129551546731565,0
4.69387755102041,1438.77551020408,0.00198736981529924,0
5.51020408163265,1438.77551020408,0.00447070813176291,0
6.3265306122449,1438.77551020408,-0.00475478537526296,0
7.14285714285714,1438.77551020408,-0.0111671401746719,0
7.95918367346939,1438.77551020408,-0.00361278274805317,0
8.77551020408163,1438.77551020408,0.000720911331029707,0
9.59183673469388,1438.77551020408,-0.0118764175224073,0
10.4081632653061,1438.77551020408,0.0169615886704623,0
11.2244897959184,1438.77551020408,0.0159812477659171,0
12.0408163265306,1438.77551020408,0.0146137084906123,0
12.8571428571429,1438.77551020408,0.000756629002495996,0
13.6734693877551,1438.77551020408,0.0141458839816271,0
14.4897959183673,1438.77551020408,0.0126094234754885,0
15.3061224489796,1438.77551020408,0.00129965117579838,0
16.1224489795918,1438.77551020408,-0.00606085399357864,0
16.9387755102041,1438.77551020408,0.00778016130061883,0
17.7551020408163,1438.77551020408,0.00547293640693047,0
18.5714285714286,1438.77551020408,0.0100644514104838,0
19.3877551020408,1438.77551020408,0.013865813712854,0
20.2040816326531,1438.77551020408,0.0136812439990877,1
21.0204081632653,1438.77551020408,0.000287179405913828,0
21.8367346938776,1438.77551020408,0.00663542544649659,0
22.6530612244898,1438.77551020408,0.0213166397078087,0
23.469387755102,1438.77551020408,-0.00921559003441951,0
24.2857142857143,1438.77551020408,0.00786579776839536,0
25.1020408163265,1438.77551020408,-0.0101859958311975,0
25.9183673469388,1438.77551020408,0.00644865045973203,0
26.734693877551,1438.77551020408,-0.0104464191586063,0
27.5510204081633,1438.77551020408,0.01405469317457,0
28.3673469387755,1438.77551020408,-0.0013884167426358,0
29.1836734693878,1438.77551020408,0.0139951749870262,0
30,1438.77551020408,0.00838466816865649,0
-10,1469.38775510204,0.00901137039755162,0
-9.18367346938776,1469.38775510204,0.00880719822618769,0
-8.36734693877551,1469.38775510204,0.00280759584437606,0
-7.55102040816327,1469.38775510204,0.0129279378704434,0
-6.73469387755102,1469.38775510204,-0.000347080808700013,0
-5.91836734693878,1469.38775510204,0.0270896466098079,0
-5.10204081632653,1469.38775510204,0.00273525685222661,0
-4.28571428571429,1469.38775510204,0.013285998045321,0
-3.46938775510204,1469.38775510204,-0.00856794153347369,0
-2.6530612244898,1469.38775510204,-0.00633963492790046,0
-1.83673469387755,1469.38775510204,-0.0142013422746209,0
-1.02040816326531,1469.38775510204,-0.011732441618683,0
-0.204081632653061,1469.38775510204,-0.00401066211636913,0
0.612244897959183,1469.38775510204,-0.00543575002822415,0
1.42857142857143,1469.38775510204,0.017323281423785,0
2.24489795918367,1469.38775510204,0.00157979452187737,0
3.06122448979592,1469.38775510204,-0.0189284061370572,0
3.87755102040816,1469.38775510204,0.034977874394345,1
4.69387755102041,1469.38775510204,-0.00977498739392598,0
5.51020408163265,1469.38775510204,-0.00920871038341379,0
6.3265306122449,1469.38775510204,0.00440795404794823,0
7.14285714285714,1469.38775510204,0.0286848031652907,0
7.95918367346939,1469.38775510204,0.0142645003582791,1
8.77551020408163,1469.38775510204,0.0142608532572241,0
9.59183673469388,1469.38775510204,0.00133885110966283,0
10.4081632653061,1469.38775510204,-0.0043083306821641,0
11.2244897959184,1469.38775510204,0.00984865996282651,0
12.0408163265306,1469.38775510204,-0.00513860122235452,0
12.8571428571429,1469.38775510204,-0.000479215854964621,0
13.6734693877551,1469.38775510204,0.000982671365145819,0
14.4897959183673,1469.38775510204,0.00188498570934594,0
15.3061224489796,1469.38775510204,0.012748965272661,0
16.1224489795918,1469.38775510204,0.015615954389912,0
16.9387755102041,1469.38775510204,0.00898373177972582,0
17.7551020408163,1469.38775510204,0.00392953168314082,0
18.5714285714286,1469.38775510204,-0.00704165096590733,0
19.3877551020408,1469.38775510204,-0.0127774130698493,0
20.2040816326531,1469.38775510204,-0.00754535553761915,0
21.0204081632653,1469.38775510204,0.00539912426161802,0
21.8367346938776,1469.38775510204,-0.0208470659359816,0
22.6530612244898,1469.38775510204,-0.00435230296423525,0
23.469387755102,1469.38775510204,-0.00610079064303379,0
24.2857142857143,1469.38775510204,0.000790401587053955,0
25.1020408163265,1469.38775510204,0.000173392157544273,0
25.9183673469388,1469.38775510204,0.0125900261389386,0
26.734693877551,1469.38775510204,0.00667064182662153,0
27.5510204081633,1469.38775510204,0.0115193129154234,0
28.3673469387755,1469.38775510204,-0.00397480870995848,0
29.1836734693878,1469.38775510204,0.00398088479162283,0
30,1469.38775510204,-0.00450659376979753,0
-10,1500,-0.00622386304561837,0
-9.18367346938776,1500,-0.00943704493972531,0
-8.36734693877551,1500,0.000864122112215293,0
-7.55102040816327,1500,0.00370373714942191,0
-6.73469387755102,1500,-0.0234814320734427,0
-5.91836734693878,1500,0.0128625220628214,0
-5.10204081632653,1500,0.0125894757151004,0
-4.28571428571429,1500,0.00355903121884393,0
-3.46938775510204,1500,0.00125908990017698,0
-2.6530612244898,1500,-0.0100336207918684,0
-1.83673469387755,1500,0.00825424949215252,0
-1.02040816326531,1500,-0.00383541281063098,0
-0.204081632653061,1500,-0.0183321192433991,0
0.612244897959183,1500,0.00876694599627157,0
1.42857142857143,1500,0.0116690025758652,0
2.24489795918367,1500,-0.0111689220821871,0
3.06122448979592,1500,-0.000120856590480283,0
3.87755102040816,1500,-0.0105134713443127,0
4.69387755102041,1500,-0.000205415082816268,0
5.51020408163265,1500,0.000624770650880556,0
6.3265306122449,1500,0.00785054878399974,0
7.14285714285714,1500,-0.00293254000639262,0
7.95918367346939,1500,0.000191832099446189,0
8.77551020408163,1500,0.00580881631310528,0
9.59183673469388,1500,0.0165029008492431,0
10.4081632653061,1500,-0.000859671449810509,0
11.2244897959184,1500,0.00160396082999589,0
12.0408163265306,1500,0.0125757804863937,0
12.8571428571429,1500,-0.00666003217184365,0
13.6734693877551,1500,-0.00587954887807047,0
14.4897959183673,1500,0.00943769688348201,0
15.3061224489796,1500,0.0111573842048327,0
16.1224489795918,1500,0.00440314136152037,0
16.9387755102041,1500,-0.0105498758218397,0
17.7551020408163,1500,0.000630962626904086,0
18.5714285714286,1500,0.0132674385141499,0
19.3877551020408,1500,0.0118235879611881,0
20.2040816326531,1500,0.00255936824304165,0
21.0204081632653,1500,0.00282220383929209,0
21.8367346938776,1500,-0.00763872054765001,0
22.6530612244898,1500,-0.0124484407651902,0
23.469387755102,1500,0.0179862929555943,0
24.2857142857143,1500,-0.0141553935515087,0
25.1020408163265,1500,-0.00906838159182335,0
25.9183673469388,1500,-0.00209521790026164,0
26.734693877551,1500,0.00287025759930752,0
27.5510204081633,1500,-8.85898681540818e-05,0
28.3673469387755,1500,0.0117880034313185,0
29.1836734693878,1500,-0.0136127010906401,0
30,1500,-0.0158721005292335,0
